room_id,Branch_id,room_num,type,price,floor_num,status,guest_id
1,2,570,Suite,119,12,Available,
2,1,645,Single,71,,Available,
3,2,443,Double,188,14,Booked,
4,2,455,Twin,350,7,Occupied,
5,5,382,Suite,112,14,,
6,4,251,Deluxe,113,,Available,1566
7,4,918,Family,228,3,,
8,2,834,Deluxe,289,12,Available,
9,3,655,Twin,277,7,Booked,1643
10,6,544,Twin,152,14,Booked,
11,5,920,Suite,328,5,Available,589
12,2,155,Twin,91,12,Available,
13,3,637,Deluxe,140,11,Booked,
14,4,112,Family,88,8,Available,
15,2,144,Suite,83,7,Booked,
16,6,588,Deluxe,49,,Available,654
17,1,302,Double,110,2,Available,1830
18,3,168,Family,235,1,Available,
19,4,636,Double,340,10,Maintenance,
20,4,179,Deluxe,167,7,Booked,1826
21,2,148,Suite,168,1,Available,
22,5,401,Double,236,1,Booked,430
23,6,741,Single,74,14,Available,
24,1,845,Double,72,1,Booked,
25,5,247,Double,31,11,Booked,
26,2,489,Suite,258,4,Available,1978
27,5,377,Single,350,8,Booked,1525
28,5,616,Single,184,3,Maintenance,
29,4,922,Suite,250,12,Available,
30,4,526,Single,319,3,Available,
31,6,197,Deluxe,320,14,Occupied,
32,5,250,Double,213,12,Available,624
33,6,953,Suite,195,2,Booked,485
34,3,332,Family,208,,Available,
35,5,191,Double,270,11,Maintenance,1301
36,4,308,Suite,54,15,Booked,765
37,5,637,Deluxe,84,12,Available,
38,4,811,Single,88,4,Available,1016
39,1,413,Twin,254,15,Booked,
40,5,884,Family,346,3,Occupied,
41,3,718,Double,190,5,Available,
42,1,309,Deluxe,113,8,,
43,5,552,Twin,33,2,Available,540
44,2,546,Double,134,5,Available,
45,4,366,Twin,44,12,Available,
46,6,525,Single,210,2,Available,
47,6,630,Double,236,1,Available,1104
48,5,150,Single,212,1,Occupied,
49,5,733,Family,177,9,Available,
50,6,288,Twin,282,13,Available,
51,6,199,Deluxe,138,3,Available,
52,3,954,Suite,142,,Available,
53,3,806,Twin,67,9,Available,
54,3,339,Suite,252,1,Available,
55,6,868,Family,80,14,Booked,
56,4,645,Twin,350,9,Booked,
57,6,418,Double,74,2,Booked,1443
58,2,642,Single,203,10,Booked,1274
59,4,439,Suite,120,13,Available,
60,6,717,Family,71,8,Available,103
61,1,561,Family,337,5,Booked,1658
62,6,641,Double,272,3,Available,
63,1,510,Single,325,4,Available,644
64,2,948,Suite,118,7,Available,
65,4,689,Family,272,2,Available,657
66,5,864,Single,40,9,,
67,1,328,Family,224,5,Available,
68,4,728,Deluxe,217,11,Occupied,
69,4,337,Suite,30,,Cleaning,
70,6,773,Family,275,7,Available,
71,5,879,Deluxe,213,5,Available,1482
72,4,314,Family,112,5,Available,1600
73,6,984,Suite,206,15,Available,557
74,3,704,Family,133,14,Booked,
75,3,630,Deluxe,176,6,Booked,
76,2,783,Twin,256,9,Booked,1741
77,4,582,Suite,102,7,Available,
78,5,335,Family,175,5,Booked,
79,6,704,Twin,326,6,Available,
80,4,593,Twin,294,,Booked,438
81,4,845,Double,198,10,Available,
82,5,287,Family,94,12,Available,
83,1,672,Family,311,8,Available,
84,4,201,Twin,282,11,Available,
85,6,682,Single,321,13,,
86,4,684,Single,192,1,Available,
87,6,207,Deluxe,80,2,Maintenance,1170
88,1,398,Single,343,6,Available,
89,1,822,Suite,61,12,Booked,
90,5,446,Twin,285,2,Available,
91,4,726,Family,158,,Available,
92,5,110,Single,173,3,Booked,705
93,4,265,Family,321,4,Available,389
94,1,663,Twin,81,14,Available,
95,6,862,Double,80,15,Maintenance,84
96,3,885,Single,206,7,Available,
97,6,907,Family,191,4,Booked,
98,1,919,Deluxe,268,15,,
99,6,846,Family,301,5,Available,
100,6,631,Family,290,9,,
101,2,196,Deluxe,38,,Available,
102,6,293,Family,60,6,Available,668
103,1,217,Suite,350,1,Available,
104,4,554,Family,247,8,Available,
105,1,357,Twin,227,4,Occupied,
106,2,173,Family,296,1,Available,
107,4,740,Deluxe,50,5,Booked,1266
108,1,137,Twin,119,,Occupied,1420
109,1,778,Family,257,1,Booked,
110,3,962,Double,335,2,Booked,
111,5,928,Double,31,9,Booked,929
112,5,114,Suite,124,11,Booked,
113,5,139,Twin,229,6,Booked,
114,6,685,Twin,279,7,Booked,
115,2,839,Twin,247,8,Cleaning,
116,1,281,Family,102,,Available,1306
117,5,827,Family,231,9,Available,
118,6,848,Suite,95,11,Available,
119,2,405,Suite,115,2,Available,1446
120,3,266,Deluxe,127,14,Maintenance,
121,3,531,Suite,93,8,Available,
122,4,166,Twin,134,12,Available,
123,5,152,Deluxe,308,13,Available,
124,6,284,Family,287,9,Booked,
125,6,893,Single,95,1,Available,
126,4,707,Suite,193,4,Occupied,418
127,6,713,Deluxe,301,2,Available,
128,2,217,Double,314,8,Available,989
129,3,152,Double,307,9,Booked,
130,6,825,Deluxe,142,9,Booked,
131,5,379,Double,317,7,Available,553
132,1,111,Double,32,5,,
133,2,744,Twin,93,13,Available,
134,4,695,Double,188,3,Available,127
135,2,411,Double,155,,Available,
136,1,318,Suite,239,14,Maintenance,
137,2,709,Single,145,1,Available,
138,4,936,Deluxe,139,8,Available,1169
139,3,251,Single,79,9,Available,1982
140,6,833,Twin,316,4,Available,
141,4,192,Family,286,15,,
142,5,845,Double,134,9,,
143,1,546,Twin,137,,Maintenance,
144,3,788,Double,57,5,Booked,
145,4,109,Family,344,7,Available,1297
146,3,814,Single,245,13,Available,
147,3,673,Twin,46,11,Available,
148,5,972,Suite,36,3,Available,623
149,5,218,Double,225,5,Available,
150,5,132,Deluxe,101,12,Available,
151,6,545,Double,48,4,Available,364
152,5,591,Deluxe,175,2,Available,
153,6,805,Deluxe,182,2,,
154,1,782,Twin,145,7,Available,
155,5,798,Deluxe,288,1,Available,
156,2,409,Family,324,9,Occupied,
157,2,885,Family,249,8,Booked,
158,1,881,Family,156,2,Available,
159,1,156,Twin,143,8,Booked,
160,2,536,Twin,250,,Available,
161,1,327,Family,318,1,Booked,
162,6,472,Double,324,2,Available,
163,5,823,Twin,327,15,Booked,
164,6,891,Single,149,8,,
165,6,425,Double,173,11,Available,1256
166,3,664,Suite,56,8,Booked,1780
167,3,439,Family,347,12,Available,61
168,6,798,Double,183,8,Booked,
169,6,844,Double,182,15,,
170,1,929,Family,255,7,Booked,
171,6,257,Deluxe,347,10,Available,
172,4,659,Suite,117,8,Available,
173,5,795,Twin,189,5,Available,
174,5,371,Single,346,4,Available,678
175,2,945,Single,241,13,Available,
176,1,270,Suite,304,10,Booked,1367
177,1,211,Twin,253,3,Occupied,
178,5,824,Family,343,9,Available,
179,1,327,Family,139,1,Available,
180,4,206,Double,315,3,Booked,112
181,6,113,Single,279,12,Booked,
182,3,514,Deluxe,158,2,,
183,3,108,Double,313,2,Available,
184,6,721,Suite,131,15,Booked,
185,1,206,Deluxe,167,10,Occupied,
186,1,766,Double,125,6,Cleaning,
187,4,239,Double,200,6,Available,
188,4,926,Family,286,10,,
189,6,177,Twin,215,5,Booked,
190,6,135,Suite,337,14,Booked,
191,3,676,Family,301,12,,
192,6,760,Double,145,9,Available,1902
193,4,646,Twin,36,15,Available,1133
194,5,463,Family,83,10,Available,
195,6,747,Single,141,11,Available,
196,3,852,Suite,91,13,Available,
197,4,321,Deluxe,219,14,Available,
198,5,299,Twin,189,4,Booked,
199,6,841,Single,299,,Available,
200,3,614,Deluxe,64,3,Available,1570
201,3,473,Double,83,9,,
202,4,929,Deluxe,184,13,Maintenance,
203,5,440,Single,113,4,Booked,
204,4,747,Family,320,6,Cleaning,
205,4,968,Family,233,,Available,
206,1,805,Twin,132,15,Available,
207,4,681,Family,51,6,Available,427
208,5,164,Family,46,6,Available,
209,4,948,Deluxe,339,6,Available,1552
210,4,519,Double,193,2,,1750
211,1,918,Twin,305,3,Available,976
212,2,508,Suite,248,,Available,
213,1,635,Twin,233,12,Booked,
214,1,707,Single,80,2,Available,
215,3,525,Double,57,3,,
216,6,427,Family,196,4,Occupied,
217,6,488,Twin,170,13,Occupied,
218,6,380,Deluxe,330,2,Available,579
219,6,841,Twin,73,12,Booked,
220,4,881,Deluxe,224,7,Available,
221,3,115,Single,203,12,Available,
222,3,565,Single,64,3,Booked,
223,4,942,Twin,56,2,Available,
224,6,186,Family,324,6,,
225,2,415,Deluxe,282,1,Booked,
226,1,679,Double,348,8,,
227,1,383,Twin,265,1,Available,1998
228,5,656,Family,55,8,Available,
229,6,420,Suite,285,15,Booked,
230,4,649,Suite,323,12,Booked,
231,6,269,Single,31,8,Booked,1884
232,4,694,Deluxe,288,15,Maintenance,
233,2,734,Family,168,11,Booked,
234,1,317,Double,44,13,Maintenance,66
235,4,638,Twin,141,2,Available,
236,6,691,Deluxe,126,9,Available,
237,2,370,Single,218,9,Booked,
238,4,658,Family,90,12,Occupied,
239,4,366,Single,256,5,Available,
240,1,895,Single,218,13,Maintenance,
241,5,935,Suite,58,,Booked,170
242,2,661,Suite,310,,,
243,3,425,Suite,30,,Booked,429
244,3,454,Deluxe,337,2,Booked,
245,4,600,Deluxe,270,14,Cleaning,1477
246,5,767,Double,295,12,Booked,
247,5,511,Single,105,14,Available,
248,2,351,Single,309,11,Available,
249,4,117,Deluxe,264,15,Booked,55
250,3,620,Double,237,2,Available,
251,3,455,Double,156,3,Booked,
252,1,828,Double,346,1,Booked,
253,6,574,Family,102,8,Available,939
254,3,890,Twin,166,,Available,
255,2,335,Deluxe,266,10,Maintenance,
256,4,497,Double,48,14,,
257,2,533,Suite,286,15,Available,1359
258,6,734,Deluxe,195,4,Available,1136
259,6,524,Deluxe,193,14,Available,
260,1,553,Twin,324,10,Available,535
261,3,710,Family,46,5,Booked,
262,4,693,Double,174,5,Booked,334
263,2,376,Twin,255,5,Available,1976
264,6,609,Family,258,15,Available,
265,6,808,Single,41,11,Available,1083
266,2,283,Twin,120,9,Booked,
267,2,307,Deluxe,99,14,Available,
268,4,201,Suite,105,14,Available,
269,5,946,Family,215,10,Available,
270,3,745,Family,178,8,Available,
271,4,264,Deluxe,321,8,Available,
272,3,326,Double,201,9,,
273,2,841,Twin,177,,Available,
274,5,368,Deluxe,134,2,Available,
275,2,844,Single,161,3,Available,46
276,5,336,Double,217,12,Available,
277,1,882,Deluxe,298,15,Available,575
278,1,983,Suite,311,13,Booked,
279,6,417,Double,145,13,Available,
280,5,151,Family,170,15,Cleaning,
281,4,756,Suite,348,10,Available,1539
282,6,995,Family,108,6,Available,
283,1,244,Double,147,1,Available,
284,4,752,Twin,256,6,Booked,1250
285,1,895,Single,35,13,Available,
286,6,154,Single,50,3,Available,1004
287,4,813,Deluxe,157,14,Available,
288,5,886,Family,179,,Available,
289,2,940,Deluxe,85,6,,
290,6,452,Suite,280,,Maintenance,
291,6,754,Twin,278,4,Available,421
292,4,116,Twin,308,10,Cleaning,
293,6,232,Deluxe,341,8,Available,
294,2,163,Suite,260,2,Booked,602
295,4,374,Family,52,4,Available,
296,4,328,Single,180,11,Available,
297,2,222,Single,232,13,Occupied,1861
298,2,130,Deluxe,350,,Booked,
299,2,820,Family,306,7,Available,
300,2,771,Single,237,12,Booked,
301,2,315,Double,313,8,Available,54
302,1,971,Single,41,12,Booked,
303,5,864,Double,93,10,Available,
304,6,999,Family,274,,Available,
305,3,486,Family,294,6,Booked,1831
306,6,662,Suite,193,5,Occupied,
307,1,843,Twin,151,15,Booked,
308,3,372,Single,109,4,Available,
309,3,433,Double,215,6,Available,
310,3,980,Suite,87,7,Available,
311,5,677,Suite,285,2,Booked,
312,4,289,Family,295,4,Booked,
313,6,613,Suite,214,2,Available,1311
314,3,673,Deluxe,341,9,Available,162
315,3,492,Suite,249,10,Available,1639
316,5,856,Suite,301,13,Available,
317,3,275,Single,335,7,Available,1008
318,1,791,Suite,263,9,Available,
319,6,352,Family,205,2,Available,733
320,1,922,Family,55,7,Available,
321,6,668,Twin,198,3,Available,299
322,4,624,Deluxe,109,12,Available,
323,2,797,Deluxe,181,10,Occupied,
324,3,383,Suite,50,1,Booked,
325,1,828,Family,45,15,,
326,4,904,Double,251,14,Booked,228
327,4,584,Twin,49,14,Available,
328,1,593,Family,102,7,Available,
329,3,312,Single,106,9,Available,
330,3,507,Family,338,4,Booked,1682
331,3,472,Family,54,6,Booked,1244
332,2,342,Single,232,11,Occupied,
333,5,869,Twin,262,5,Maintenance,
334,2,519,Twin,277,12,Maintenance,1837
335,2,363,Family,271,10,Available,
336,4,961,Deluxe,278,13,Booked,
337,6,757,Family,234,,Available,
338,3,729,Deluxe,91,6,Available,1187
339,6,735,Single,195,9,Available,
340,4,458,Twin,117,11,Occupied,
341,2,188,Double,247,13,Available,
342,1,463,Suite,175,4,,
343,6,695,Family,168,6,Available,
344,1,321,Deluxe,105,1,Available,
345,1,227,Twin,98,14,Available,1591
346,4,327,Single,181,4,Occupied,
347,6,813,Deluxe,171,11,Available,
348,2,992,Double,204,13,Booked,1681
349,3,322,Family,142,9,Available,
350,5,759,Suite,260,4,Occupied,
351,1,554,Single,41,10,Booked,
352,3,586,Single,90,11,Occupied,
353,4,556,Single,269,3,Available,1620
354,3,338,Suite,132,9,Available,
355,1,175,Single,308,2,Available,
356,5,258,Twin,301,,Available,
357,2,262,Deluxe,270,11,Booked,344
358,2,502,Deluxe,223,5,Available,
359,2,848,Single,92,3,Available,
360,1,566,Double,74,4,Booked,
361,4,529,Suite,166,3,Available,1520
362,2,595,Single,60,1,Available,
363,3,660,Deluxe,166,3,,
364,5,556,Family,76,4,Available,
365,1,196,Family,170,15,Available,1736
366,6,424,Deluxe,210,,Available,
367,1,922,Family,214,6,,268
368,6,349,Double,156,2,Available,
369,2,764,Suite,106,7,Available,1652
370,5,724,Deluxe,326,11,Available,
371,5,997,Family,82,6,Booked,
372,6,197,Family,57,6,Booked,
373,3,549,Twin,57,4,Booked,1442
374,2,180,Suite,64,,Booked,
375,3,755,Suite,212,4,Available,1654
376,1,256,Single,163,13,Available,
377,3,206,Double,189,,Available,
378,5,945,Single,281,2,Available,
379,2,518,Suite,160,4,Booked,
380,4,450,Single,300,9,Available,
381,6,715,Suite,99,7,Cleaning,161
382,3,188,Family,121,7,Available,
383,1,716,Family,96,15,Available,1501
384,3,792,Family,65,12,Available,
385,3,567,Twin,174,5,Available,
386,2,923,Double,171,,Occupied,1393
387,3,394,Double,142,12,Occupied,
388,6,778,Deluxe,327,6,Available,
389,3,601,Suite,169,13,Available,1074
390,1,714,Family,58,1,Available,
391,2,503,Double,243,6,Occupied,676
392,2,366,Double,102,6,Available,335
393,4,589,Deluxe,161,13,Booked,
394,1,126,Double,186,8,Available,
395,2,218,Single,298,10,Booked,
396,2,988,Single,266,13,Booked,1021
397,4,882,Twin,208,9,Booked,
398,2,976,Deluxe,67,4,Available,
399,4,724,Family,129,15,Available,
400,1,469,Double,282,11,Available,
401,2,199,Family,287,3,Booked,
402,4,508,Suite,55,14,Available,
403,4,839,Twin,185,5,Available,
404,6,240,Single,75,10,Maintenance,
405,2,836,Suite,42,14,Available,339
406,3,352,Suite,35,4,Available,
407,3,224,Suite,239,13,Booked,
408,4,483,Twin,247,10,Available,
409,4,585,Suite,213,15,Booked,1013
410,3,730,Family,270,2,Available,
411,3,146,Twin,347,10,Available,
412,2,740,Suite,55,1,Occupied,
413,1,806,Family,122,3,Occupied,
414,6,744,Single,84,,Booked,
415,2,179,Family,323,11,Booked,
416,2,359,Deluxe,220,10,Available,
417,4,265,Suite,172,13,Available,
418,5,311,Suite,98,3,Available,
419,1,571,Double,341,,Maintenance,816
420,6,409,Single,178,6,Available,
421,1,762,Twin,256,3,Available,1536
422,4,765,Twin,82,10,,
423,6,607,Double,161,9,Booked,
424,6,891,Twin,115,3,Booked,
425,5,664,Family,261,7,Maintenance,
426,6,888,Family,225,2,Maintenance,684
427,6,662,Family,297,6,Maintenance,
428,4,656,Suite,261,12,Available,
429,1,797,Family,257,4,Available,
430,4,608,Family,343,12,Available,
431,6,112,Twin,108,11,Booked,
432,2,737,Double,80,3,Available,
433,4,698,Twin,49,14,Booked,
434,3,220,Single,58,11,Booked,
435,4,160,Suite,161,5,Available,
436,6,551,Suite,190,5,Booked,1878
437,4,630,Family,223,14,Available,
438,5,834,Single,288,3,Available,1679
439,4,618,Twin,98,6,Booked,403
440,1,324,Single,123,4,Available,
441,1,225,Suite,215,,,
442,5,735,Suite,317,2,Available,
443,2,404,Single,44,7,Booked,
444,2,843,Deluxe,260,8,Available,
445,1,956,Single,328,6,,
446,5,194,Family,272,4,Occupied,
447,5,148,Deluxe,122,1,Available,
448,5,316,Suite,150,10,Booked,
449,1,496,Twin,45,11,Occupied,
450,3,292,Suite,62,2,Available,
451,3,405,Single,66,11,Cleaning,
452,1,398,Family,276,4,Available,
453,6,476,Twin,67,11,Available,
454,4,819,Family,113,2,Booked,
455,1,563,Double,59,15,Booked,
456,6,753,Twin,60,15,Available,
457,3,915,Double,216,11,Available,
458,5,757,Twin,273,8,Available,
459,3,181,Twin,242,4,Available,
460,3,662,Suite,251,3,Booked,
461,1,303,Family,307,8,Available,
462,1,318,Family,59,12,Occupied,
463,3,162,Suite,265,,Available,256
464,3,298,Single,48,1,Available,
465,6,189,Family,222,,Available,
466,5,395,Single,268,10,Occupied,
467,1,603,Twin,191,9,Booked,193
468,5,378,Suite,158,10,Booked,1729
469,3,307,Family,274,2,Available,
470,4,246,Twin,92,6,Available,
471,3,805,Deluxe,162,7,Booked,861
472,3,208,Deluxe,107,10,Maintenance,
473,6,801,Twin,118,4,Occupied,
474,2,242,Twin,154,2,Maintenance,
475,6,714,Family,206,3,Available,1107
476,1,652,Twin,283,7,Available,375
477,3,847,Single,215,6,Available,
478,2,300,Twin,288,3,Occupied,1463
479,5,156,Suite,94,11,Cleaning,
480,5,323,Suite,117,,Booked,
481,4,334,Twin,46,5,Maintenance,
482,2,110,Suite,285,,Available,1450
483,5,998,Single,194,,Available,
484,5,913,Suite,40,4,Maintenance,910
485,6,739,Suite,127,9,Booked,1546
486,6,666,Double,263,,Booked,
487,5,630,Twin,146,7,Available,
488,5,211,Single,317,13,Available,
489,4,996,Double,50,11,Available,
490,2,283,Deluxe,215,15,Available,
491,4,136,Suite,41,3,Booked,899
492,6,466,Single,259,9,Available,388
493,4,571,Twin,40,13,Occupied,
494,5,488,Family,45,11,Available,752
495,5,281,Suite,323,,Booked,
496,5,309,Deluxe,126,13,Available,
497,1,956,Twin,61,3,Available,
498,2,595,Suite,337,14,Available,
499,4,737,Suite,197,12,Maintenance,
500,3,830,Family,158,5,Cleaning,
501,1,240,Twin,284,14,Available,
502,6,396,Single,176,,Maintenance,767
503,1,102,Single,132,11,Available,
504,2,765,Deluxe,243,12,Occupied,
505,3,381,Suite,30,,Booked,417
506,4,398,Double,213,4,Available,
507,3,859,Family,219,8,Booked,
508,6,977,Double,115,15,Available,
509,4,369,Deluxe,340,5,Available,
510,6,532,Suite,242,4,Available,
511,2,592,Twin,117,1,Available,
512,2,228,Deluxe,56,3,Available,1969
513,3,608,Single,291,7,Available,
514,4,496,Single,312,13,Available,
515,1,271,Suite,34,3,Booked,679
516,3,328,Double,239,11,Maintenance,
517,3,918,Suite,111,5,,451
518,4,322,Suite,207,4,Booked,227
519,3,264,Twin,144,13,Available,
520,1,790,Single,335,6,Available,
521,2,616,Twin,100,5,Available,
522,6,166,Single,348,9,Booked,
523,2,753,Twin,227,12,Available,
524,2,777,Deluxe,122,6,Booked,
525,3,659,Family,48,1,Booked,
526,5,530,Twin,98,,Available,1754
527,6,854,Family,302,8,Available,1893
528,4,806,Deluxe,204,12,Available,1578
529,2,509,Family,298,13,Occupied,
530,2,688,Deluxe,147,7,Available,
531,2,636,Twin,144,7,Occupied,
532,1,203,Deluxe,152,15,Booked,
533,2,941,Suite,58,11,Available,
534,2,835,Family,114,15,Available,
535,1,278,Single,219,,,147
536,4,368,Double,170,7,Occupied,1468
537,1,575,Family,188,,Maintenance,
538,1,129,Deluxe,222,11,Available,
539,6,907,Double,55,15,Available,
540,3,606,Double,183,4,Booked,2
541,1,405,Suite,108,11,Booked,
542,3,175,Deluxe,343,1,Available,
543,4,877,Double,154,5,Booked,
544,1,222,Suite,332,3,Booked,
545,1,401,Family,35,1,Booked,
546,2,540,Double,242,8,Available,
547,3,501,Twin,282,9,Available,
548,4,534,Deluxe,347,3,Available,
549,3,240,Twin,214,15,Available,1031
550,2,779,Twin,301,4,Available,
551,6,596,Double,330,7,Occupied,
552,5,634,Single,184,2,Available,1512
553,3,441,Twin,253,12,Available,431
554,3,379,Single,67,9,Available,1139
555,4,145,Suite,159,2,Available,
556,5,406,Twin,214,13,Booked,
557,5,133,Double,233,9,,1981
558,1,103,Double,187,10,Booked,1278
559,3,890,Deluxe,258,5,Occupied,902
560,3,810,Deluxe,138,8,Available,
561,1,595,Double,281,,,
562,6,406,Single,340,9,Booked,
563,1,961,Twin,343,6,Occupied,635
564,6,567,Suite,124,4,Maintenance,1090
565,1,562,Twin,275,5,Maintenance,
566,4,391,Family,138,10,Available,
567,3,954,Deluxe,57,8,Cleaning,
568,3,356,Suite,316,8,Available,1047
569,3,254,Family,130,15,Available,
570,1,225,Double,260,6,Available,
571,4,724,Single,153,,Available,
572,6,747,Suite,252,,Occupied,
573,6,506,Family,32,4,Occupied,559
574,5,232,Suite,48,7,Available,
575,4,670,Single,77,14,Available,1001
576,5,118,Twin,310,3,Available,
577,3,709,Double,39,9,Booked,837
578,1,285,Deluxe,62,7,Maintenance,
579,5,851,Deluxe,174,15,Booked,
580,3,514,Twin,196,13,Available,63
581,4,458,Suite,281,2,Booked,
582,2,434,Deluxe,83,4,Available,
583,3,278,Twin,83,5,,
584,3,847,Family,315,12,Available,1891
585,2,103,Twin,103,5,Booked,435
586,5,518,Family,80,6,Available,312
587,3,705,Single,137,11,Maintenance,
588,2,214,Family,70,12,Available,
589,2,529,Deluxe,300,15,Available,108
590,1,807,Suite,290,4,,
591,2,996,Single,207,10,Available,
592,3,769,Double,115,14,Available,855
593,5,768,Family,171,8,Available,1991
594,5,139,Double,156,14,Available,
595,3,773,Twin,55,15,Available,
596,3,999,Single,262,5,Available,
597,3,303,Double,149,9,Available,
598,2,287,Twin,338,15,Available,
599,3,517,Double,338,7,Available,
600,3,610,Single,301,8,Available,
601,6,808,Twin,266,11,Booked,1087
602,3,693,Suite,343,5,Available,
603,6,921,Suite,141,6,Maintenance,1188
604,2,969,Double,246,11,Available,
605,1,804,Double,208,2,Available,
606,5,966,Single,82,7,Available,
607,1,271,Twin,321,1,Available,1693
608,1,877,Double,338,9,Available,812
609,5,261,Suite,67,,Available,
610,2,563,Family,59,9,Booked,
611,5,702,Deluxe,203,6,Booked,
612,6,755,Deluxe,307,5,Booked,
613,4,121,Double,140,7,Booked,
614,6,370,Single,64,,Available,
615,6,609,Suite,94,2,Available,1715
616,4,660,Family,259,5,Available,
617,4,719,Single,302,4,Available,
618,6,786,Single,76,11,Available,
619,3,287,Family,347,1,Available,
620,1,298,Double,188,15,Available,
621,1,510,Deluxe,165,4,,1820
622,6,899,Twin,231,5,Available,
623,6,562,Single,242,3,Available,370
624,1,735,Deluxe,312,12,Available,
625,5,536,Deluxe,79,3,Available,
626,5,988,Twin,60,12,Booked,1622
627,4,745,Double,244,11,Occupied,
628,2,901,Family,112,15,Available,
629,4,995,Single,57,9,Available,
630,3,410,Deluxe,287,8,Maintenance,202
631,2,703,Double,311,15,Occupied,
632,5,262,Deluxe,327,10,Occupied,
633,5,715,Deluxe,198,9,Maintenance,1556
634,3,629,Twin,239,6,Available,1655
635,6,957,Suite,93,1,Booked,
636,5,637,Twin,229,13,Booked,
637,6,351,Twin,231,3,Available,
638,1,920,Double,74,1,Available,
639,2,280,Double,190,6,Available,1263
640,3,324,Twin,227,11,Available,
641,3,117,Suite,48,10,Available,
642,4,724,Twin,116,14,Available,
643,2,846,Family,272,6,Available,
644,6,929,Family,112,13,Booked,
645,6,650,Deluxe,295,9,Available,
646,6,898,Family,317,9,Available,166
647,1,109,Twin,282,15,Available,1355
648,6,689,Twin,70,14,Booked,
649,4,894,Deluxe,30,12,Booked,
650,2,842,Deluxe,286,15,Available,1162
651,6,543,Single,62,4,Available,
652,1,729,Family,204,1,Booked,
653,4,166,Family,183,13,Cleaning,565
654,1,654,Twin,140,6,Available,76
655,4,216,Double,257,3,Booked,229
656,4,389,Twin,45,11,Available,1064
657,3,123,Twin,56,8,Available,95
658,4,337,Family,60,15,Available,1726
659,6,355,Family,173,7,Available,1459
660,3,438,Double,232,5,Available,
661,3,568,Single,333,3,Available,
662,6,262,Suite,232,7,Available,
663,2,127,Single,228,3,Available,
664,1,752,Double,169,9,Maintenance,
665,1,399,Suite,309,5,Booked,
666,1,863,Double,306,15,Booked,
667,3,884,Family,244,4,Available,
668,6,359,Suite,274,9,Available,
669,6,114,Suite,306,5,Booked,
670,1,130,Suite,75,12,Available,
671,3,863,Double,32,12,Booked,
672,5,234,Double,64,5,Available,606
673,1,172,Twin,285,6,Available,
674,5,477,Double,96,11,Available,
675,1,263,Single,286,14,Maintenance,
676,3,421,Deluxe,110,2,Available,
677,2,102,Twin,75,1,Available,1212
678,4,623,Twin,38,13,Available,
679,4,637,Suite,169,2,,1224
680,6,506,Double,212,11,Available,
681,2,470,Deluxe,116,7,Available,
682,4,205,Double,265,6,Available,
683,5,354,Family,37,6,Available,
684,2,829,Family,270,10,Booked,
685,5,299,Double,235,5,Available,
686,5,854,Single,212,14,Available,
687,1,655,Deluxe,298,12,Booked,
688,4,750,Deluxe,83,5,Available,
689,6,556,Single,295,4,Available,
690,6,903,Deluxe,205,8,Available,1183
691,6,333,Single,93,,Maintenance,1390
692,6,376,Twin,141,5,Available,1712
693,4,883,Family,314,13,Available,
694,6,305,Suite,211,4,Booked,
695,4,282,Suite,279,,Maintenance,
696,5,982,Suite,289,11,Available,
697,3,348,Double,333,9,Available,
698,1,295,Twin,31,1,Available,333
699,3,424,Single,68,8,Booked,1314
700,1,401,Single,240,14,Occupied,
701,6,487,Family,82,12,Booked,1057
702,6,704,Twin,343,10,Booked,297
703,3,536,Suite,135,6,Booked,
704,4,916,Suite,273,12,Available,
705,6,275,Family,306,,Available,
706,6,389,Family,174,7,Available,
707,5,179,Twin,39,14,Cleaning,
708,4,628,Single,63,10,Available,
709,1,262,Double,160,5,Booked,
710,4,625,Suite,107,10,Cleaning,838
711,3,731,Deluxe,277,,Booked,
712,1,215,Twin,107,12,Available,
713,6,608,Single,103,6,Available,603
714,3,752,Twin,333,14,Available,
715,6,680,Twin,237,9,Maintenance,
716,6,139,Twin,350,9,Booked,468
717,1,591,Family,238,8,Available,
718,5,416,Deluxe,237,12,Booked,1636
719,3,102,Single,325,3,Available,832
720,5,914,Single,280,15,Available,
721,2,913,Deluxe,249,3,Available,
722,3,939,Double,349,11,Booked,1781
723,6,662,Twin,114,,Maintenance,116
724,6,331,Twin,198,2,Booked,
725,1,543,Single,124,9,Occupied,
726,4,631,Family,243,,Maintenance,
727,2,264,Family,159,2,Available,
728,4,169,Deluxe,130,6,Available,
729,5,767,Family,169,15,Booked,
730,6,677,Double,179,13,Available,
731,5,450,Single,190,11,Booked,1886
732,3,504,Deluxe,277,2,Booked,
733,1,671,Single,84,11,Cleaning,
734,5,631,Twin,162,2,Booked,
735,5,545,Double,182,2,Available,
736,6,470,Suite,292,3,Booked,
737,5,646,Twin,152,10,Booked,
738,1,287,Suite,349,7,Booked,
739,6,439,Suite,43,15,Available,
740,4,253,Family,34,13,Available,1666
741,3,516,Single,196,1,Available,
742,4,133,Double,271,4,Available,237
743,2,431,Single,142,8,Booked,
744,2,994,Family,263,12,Available,
745,5,889,Deluxe,273,2,,
746,6,808,Double,212,7,Booked,
747,2,837,Single,338,12,Booked,
748,3,860,Suite,274,15,Available,1098
749,1,736,Twin,161,10,,
750,3,526,Twin,302,,Booked,1332
751,3,167,Suite,133,6,Booked,
752,5,942,Double,97,3,Booked,648
753,2,998,Suite,314,6,Maintenance,82
754,6,108,Deluxe,151,6,Available,
755,3,213,Family,47,12,,
756,4,204,Single,276,2,Available,1337
757,5,378,Suite,85,15,Available,
758,6,187,Suite,253,9,Available,
759,1,131,Family,147,7,Cleaning,591
760,4,758,Family,339,9,Available,
761,6,984,Single,32,,Available,
762,6,895,Family,39,4,Available,
763,3,123,Deluxe,31,2,Available,1437
764,1,962,Double,36,,Occupied,
765,4,256,Single,255,13,Booked,
766,4,395,Twin,44,1,Booked,659
767,6,684,Suite,290,12,,
768,1,200,Twin,316,8,Available,
769,5,714,Family,255,12,Available,1564
770,3,817,Twin,219,11,Available,
771,6,565,Suite,189,2,Occupied,
772,2,308,Single,191,3,Available,495
773,3,521,Single,268,11,Available,
774,1,177,Suite,259,10,Available,1550
775,1,940,Family,61,15,Available,
776,5,148,Twin,336,10,Available,
777,1,641,Deluxe,46,8,Available,
778,5,276,Single,297,5,Available,1319
779,3,997,Suite,304,15,Available,1608
780,6,270,Family,176,14,Available,
781,6,327,Deluxe,142,8,Available,
782,2,848,Twin,274,15,Occupied,898
783,1,622,Single,142,4,Available,
784,6,596,Twin,322,8,Available,
785,5,922,Suite,248,5,Occupied,
786,1,534,Deluxe,252,11,,991
787,6,442,Family,319,14,,
788,6,986,Single,117,8,Available,
789,1,339,Twin,194,9,Available,
790,3,812,Family,320,8,Available,
791,3,812,Twin,248,,Available,638
792,6,739,Suite,106,8,Available,
793,5,238,Deluxe,320,6,Available,1094
794,5,849,Twin,251,2,Available,
795,2,649,Family,37,11,Available,
796,3,112,Suite,73,13,Booked,141
797,5,373,Twin,131,2,Available,
798,3,433,Suite,48,14,Booked,
799,2,214,Double,311,8,Available,
800,4,619,Family,252,,Available,
801,3,428,Suite,274,3,,
802,3,238,Twin,339,14,Available,
803,2,476,Single,338,10,Available,
804,3,296,Deluxe,102,15,Available,
805,3,224,Suite,100,,Available,
806,2,645,Family,84,3,Available,
807,1,278,Double,261,11,Occupied,178
808,6,385,Double,93,2,Available,
809,3,475,Single,129,7,Available,1540
810,5,791,Twin,50,3,Available,
811,6,643,Deluxe,57,15,Booked,
812,2,463,Suite,316,13,Booked,424
813,2,267,Double,319,14,Available,
814,4,773,Deluxe,343,7,Booked,
815,5,328,Single,241,3,Available,59
816,3,267,Twin,100,11,Available,1972
817,3,686,Twin,322,5,Maintenance,1807
818,1,653,Double,191,12,Available,
819,4,377,Deluxe,285,5,Available,
820,5,708,Family,211,11,Available,
821,1,764,Deluxe,64,13,Maintenance,
822,6,544,Double,100,7,Maintenance,
823,5,276,Single,92,11,Available,
824,1,297,Family,35,11,Booked,
825,2,573,Deluxe,78,13,Occupied,
826,1,952,Suite,190,6,Available,
827,4,473,Deluxe,267,1,Maintenance,
828,4,975,Twin,122,6,Cleaning,
829,5,847,Deluxe,169,2,Available,778
830,5,700,Deluxe,341,,Booked,
831,5,205,Family,171,7,,
832,2,724,Deluxe,179,12,Booked,930
833,5,635,Twin,318,11,Available,466
834,4,241,Double,69,3,Available,616
835,4,538,Twin,331,5,Available,
836,2,675,Suite,189,14,,
837,4,149,Suite,277,8,Cleaning,31
838,2,523,Deluxe,244,6,Booked,
839,2,991,Family,212,14,Available,935
840,1,120,Family,107,13,Booked,
841,4,576,Family,151,7,Available,
842,2,817,Family,166,1,Available,
843,6,886,Twin,113,9,Available,1823
844,6,572,Double,112,1,Cleaning,
845,2,145,Family,98,7,Available,
846,5,593,Single,257,13,Available,704
847,5,647,Deluxe,257,4,Available,
848,5,346,Twin,199,14,Booked,1210
849,6,519,Suite,71,4,Available,
850,2,943,Suite,33,15,Booked,1045
851,4,593,Suite,201,2,Available,
852,4,672,Twin,175,6,Available,
853,4,649,Deluxe,275,3,Available,
854,4,148,Twin,150,6,Available,
855,5,357,Single,147,5,Available,
856,3,448,Single,198,3,Available,1630
857,4,152,Suite,223,7,Available,
858,3,560,Family,95,15,Cleaning,
859,6,768,Double,257,1,Available,1371
860,1,118,Suite,236,1,Available,
861,4,834,Twin,275,3,Available,
862,6,958,Double,284,1,Available,
863,3,120,Single,315,,Available,
864,2,257,Double,244,3,Available,1270
865,2,270,Double,248,13,Available,
866,5,394,Family,274,,Maintenance,209
867,4,973,Family,143,,Available,
868,5,905,Twin,160,13,Available,701
869,1,616,Single,88,13,Occupied,
870,6,524,Twin,70,,Available,
871,6,233,Twin,134,3,Booked,
872,2,638,Single,85,4,Available,
873,1,937,Family,178,15,Available,1321
874,6,400,Single,266,11,Available,1847
875,6,355,Deluxe,307,15,Available,
876,2,178,Suite,275,9,Available,1
877,2,593,Twin,242,12,Maintenance,
878,3,259,Twin,267,15,Available,
879,5,876,Single,199,2,Available,
880,2,203,Single,173,1,Available,647
881,4,787,Single,105,6,Booked,
882,1,500,Family,228,2,Available,
883,4,709,Suite,264,14,Booked,
884,6,141,Double,324,11,Booked,378
885,1,176,Deluxe,124,15,Booked,
886,3,679,Double,328,13,Available,956
887,3,282,Deluxe,79,7,Booked,
888,4,338,Twin,276,15,Available,
889,4,381,Double,213,5,,
890,4,303,Family,59,8,Booked,
891,2,754,Family,146,4,Available,
892,5,851,Twin,71,4,Available,
893,4,949,Single,231,14,Available,
894,6,224,Twin,67,11,Booked,1012
895,4,313,Suite,173,14,Booked,
896,1,667,Twin,59,12,Available,1401
897,3,503,Single,69,10,Available,
898,2,278,Single,161,3,Available,1166
899,3,843,Suite,328,8,Booked,
900,1,547,Deluxe,149,14,Occupied,1661
901,4,443,Single,80,13,Available,
902,3,680,Twin,293,2,Maintenance,1061
903,3,463,Family,233,9,Available,567
904,4,501,Twin,75,6,Available,
905,4,485,Double,39,3,Available,
906,2,880,Twin,85,10,Booked,1862
907,6,551,Deluxe,90,8,Available,
908,2,454,Deluxe,167,5,Available,683
909,1,904,Twin,159,12,Available,
910,3,733,Single,30,13,Available,
911,5,546,Deluxe,338,10,Available,1385
912,2,702,Double,128,6,Maintenance,
913,3,458,Suite,315,2,Cleaning,
914,4,187,Single,317,12,Booked,768
915,4,120,Double,345,4,Booked,
916,4,152,Double,186,2,Available,
917,4,249,Family,96,10,Available,
918,5,116,Deluxe,197,15,Available,920
919,5,309,Family,152,10,Available,
920,2,688,Double,103,13,Available,143
921,2,243,Deluxe,188,12,Booked,
922,6,123,Double,106,4,Booked,1203
923,5,159,Single,120,12,Available,
924,4,376,Suite,254,4,Booked,
925,6,119,Deluxe,267,13,Available,
926,5,635,Family,145,11,Booked,
927,2,132,Suite,311,4,Available,
928,3,465,Twin,302,12,Available,
929,6,950,Deluxe,238,6,Cleaning,
930,4,845,Double,175,15,Available,
931,4,401,Suite,111,9,Available,1787
932,2,691,Twin,65,,Available,
933,4,418,Twin,322,12,Available,
934,3,250,Family,156,9,Booked,
935,3,230,Twin,174,11,Booked,889
936,1,810,Deluxe,345,2,,
937,1,306,Single,51,,Available,1127
938,1,168,Suite,331,,Booked,
939,3,742,Family,297,9,Booked,
940,2,568,Single,239,11,Maintenance,324
941,4,466,Family,198,11,Available,808
942,2,956,Suite,52,6,Available,
943,1,872,Single,126,6,Available,
944,1,679,Twin,310,4,Cleaning,
945,1,438,Twin,261,10,Occupied,577
946,5,661,Twin,32,3,Occupied,
947,5,758,Family,334,9,Booked,
948,2,348,Suite,82,4,Occupied,1461
949,3,117,Single,295,5,Available,806
950,5,285,Deluxe,63,12,Available,
951,3,982,Double,100,3,Available,283
952,4,123,Deluxe,239,10,Booked,
953,1,162,Suite,101,7,Available,
954,4,947,Deluxe,162,14,Available,
955,2,185,Suite,207,9,Available,328
956,5,655,Suite,96,8,Available,
957,3,538,Single,34,4,Available,
958,6,506,Twin,131,3,Available,
959,1,945,Family,281,10,Available,
960,3,234,Double,166,10,Available,
961,2,827,Suite,96,3,Maintenance,1481
962,2,836,Family,349,12,Booked,
963,6,531,Suite,184,5,Booked,1574
964,4,840,Suite,150,15,Available,
965,5,458,Deluxe,180,8,Available,
966,2,707,Deluxe,316,10,Booked,
967,3,303,Family,240,4,Booked,
968,2,208,Single,86,11,Maintenance,
969,4,806,Double,184,,Available,925
970,2,540,Deluxe,45,11,,1905
971,1,967,Double,44,13,Available,
972,5,860,Family,173,15,Available,1856
973,2,911,Deluxe,121,13,Available,
974,3,752,Family,296,2,Available,892
975,5,517,Twin,299,15,Available,
976,6,348,Double,293,13,Available,
977,4,820,Single,132,10,Available,
978,4,979,Twin,52,11,Available,
979,4,368,Twin,35,6,Booked,
980,2,689,Suite,57,,Available,
981,2,720,Deluxe,318,13,Available,722
982,6,583,Family,299,3,Available,
983,6,590,Deluxe,273,5,Available,
984,4,680,Family,221,9,Available,
985,3,441,Single,192,6,Booked,
986,1,514,Double,282,6,Booked,600
987,3,291,Deluxe,146,10,Available,673
988,3,386,Suite,109,11,Available,
989,1,548,Double,151,11,Available,
990,3,671,Suite,330,10,Maintenance,1785
991,4,583,Family,293,8,Booked,
992,2,999,Single,343,12,Available,
993,5,130,Deluxe,63,10,Available,
994,2,899,Twin,180,15,Available,
995,5,180,Twin,207,15,Booked,
996,5,584,Double,249,4,Available,
997,5,527,Single,117,11,Available,
998,5,379,Double,59,15,Occupied,
999,3,171,Deluxe,231,3,Available,1418
1000,5,786,Single,287,2,,1943
1001,3,174,Deluxe,143,5,Available,
1002,1,616,Deluxe,75,7,Available,
1003,3,994,Twin,62,4,Available,1456
1004,6,532,Family,282,5,Maintenance,
1005,4,173,Double,67,5,Available,
1006,1,514,Twin,107,15,Available,
1007,2,567,Suite,125,1,Available,
1008,3,253,Single,66,14,Available,926
1009,2,244,Double,176,10,Available,369
1010,5,516,Single,154,1,Available,
1011,4,633,Double,184,8,Maintenance,1839
1012,1,345,Twin,185,10,Cleaning,
1013,1,435,Deluxe,220,9,Available,1637
1014,3,883,Deluxe,93,14,Available,538
1015,4,564,Double,80,5,Booked,1308
1016,3,211,Single,143,2,Available,617
1017,2,240,Double,319,13,Available,
1018,1,819,Deluxe,137,6,Available,
1019,2,422,Double,345,4,,
1020,6,831,Single,318,5,Booked,1614
1021,1,846,Deluxe,279,7,Available,
1022,4,151,Deluxe,40,1,Available,
1023,2,963,Double,293,,Available,
1024,2,990,Twin,268,14,Available,
1025,5,973,Single,214,15,Available,
1026,3,718,Deluxe,33,6,Booked,707
1027,1,628,Double,221,5,Cleaning,168
1028,5,311,Deluxe,276,9,Booked,
1029,6,941,Family,287,8,,
1030,3,869,Twin,103,,Cleaning,
1031,4,211,Deluxe,192,15,Booked,
1032,4,254,Twin,270,4,Available,
1033,2,149,Twin,48,7,Available,1989
1034,6,329,Single,48,5,,
1035,5,647,Double,270,12,Booked,
1036,2,921,Deluxe,277,10,Available,41
1037,1,420,Suite,300,14,Available,1648
1038,2,409,Single,287,14,,
1039,5,249,Double,278,11,Available,
1040,3,965,Single,313,15,Cleaning,1875
1041,6,470,Twin,211,10,Booked,
1042,3,281,Family,213,11,Available,
1043,1,431,Twin,105,14,Booked,
1044,5,844,Family,223,15,Available,
1045,3,825,Deluxe,224,2,Available,687
1046,6,855,Double,311,4,Available,
1047,4,983,Twin,270,6,Available,
1048,1,315,Twin,325,4,Booked,1150
1049,1,567,Double,123,12,Available,412
1050,3,129,Single,172,11,Booked,
1051,2,179,Suite,124,14,Available,
1052,4,681,Suite,222,15,Available,
1053,2,563,Suite,110,11,Available,
1054,1,429,Twin,345,12,Booked,1523
1055,2,258,Double,54,15,Booked,406
1056,2,507,Deluxe,204,2,Booked,
1057,1,663,Double,84,7,Booked,
1058,4,147,Single,103,15,Booked,
1059,3,570,Double,245,4,Cleaning,
1060,3,553,Single,303,5,Available,539
1061,2,164,Single,74,9,Booked,
1062,5,430,Single,152,7,Available,
1063,6,297,Family,141,7,Booked,
1064,5,422,Double,247,9,Available,
1065,4,447,Single,150,8,Occupied,
1066,2,841,Double,168,5,Booked,160
1067,4,585,Twin,97,9,Available,
1068,4,235,Deluxe,305,10,Occupied,
1069,6,816,Twin,202,13,Available,
1070,2,355,Family,153,4,,1019
1071,5,576,Deluxe,36,1,Available,
1072,1,578,Single,252,7,Available,
1073,6,835,Deluxe,31,4,Available,
1074,2,959,Twin,222,4,,1986
1075,2,328,Deluxe,44,4,Available,
1076,5,583,Twin,294,15,,
1077,6,726,Suite,143,14,Available,872
1078,1,581,Double,317,9,Maintenance,
1079,2,789,Deluxe,280,2,Available,
1080,2,870,Suite,135,8,Available,
1081,4,824,Suite,318,9,Booked,
1082,5,864,Double,249,,,
1083,4,975,Twin,215,4,Available,
1084,4,931,Single,287,9,Booked,
1085,1,131,Single,51,10,,48
1086,5,719,Single,238,,Available,
1087,6,794,Twin,228,15,Occupied,
1088,2,501,Single,233,4,Occupied,457
1089,6,153,Double,52,11,Available,
1090,4,940,Deluxe,247,5,Booked,817
1091,2,227,Twin,126,8,Available,1707
1092,4,381,Double,31,3,Occupied,
1093,5,640,Double,128,2,Available,
1094,1,153,Family,101,8,Booked,
1095,2,757,Suite,80,4,Available,182
1096,2,459,Deluxe,269,11,Available,409
1097,6,877,Twin,252,3,Available,1049
1098,1,258,Twin,146,12,Occupied,
1099,4,624,Twin,167,11,Available,
1100,5,549,Deluxe,300,4,Occupied,1945
1101,2,465,Suite,186,7,Available,
1102,3,556,Double,49,3,Available,
1103,1,395,Family,45,4,Available,
1104,6,690,Suite,180,2,Available,
1105,3,847,Twin,188,10,Available,712
1106,3,919,Twin,276,10,Available,
1107,5,983,Deluxe,83,9,Available,
1108,1,979,Suite,208,14,Occupied,1632
1109,2,964,Twin,345,10,Available,
1110,4,787,Double,69,10,Booked,
1111,4,449,Twin,176,11,Available,
1112,6,898,Twin,214,1,Available,
1113,5,409,Family,256,12,Booked,1242
1114,4,566,Double,277,1,Booked,
1115,3,779,Suite,262,15,Available,1757
1116,3,503,Suite,53,4,Available,
1117,6,806,Deluxe,31,1,Available,
1118,3,363,Double,44,,Available,
1119,2,545,Double,154,11,Available,
1120,1,570,Single,198,6,Occupied,
1121,3,490,Suite,320,14,Available,111
1122,2,196,Family,48,12,Booked,
1123,4,672,Single,330,9,Booked,
1124,5,531,Single,122,,Available,
1125,2,169,Suite,115,1,Available,
1126,3,841,Deluxe,66,5,Available,1589
1127,5,825,Double,81,7,Booked,
1128,6,671,Family,49,,Booked,
1129,2,277,Deluxe,260,12,Available,
1130,4,450,Deluxe,258,14,Maintenance,444
1131,1,967,Suite,106,12,Occupied,
1132,3,899,Family,76,6,Booked,
1133,4,169,Family,337,15,,120
1134,1,939,Double,108,11,Available,
1135,4,132,Suite,180,7,Available,
1136,1,332,Double,105,3,Available,
1137,6,200,Double,191,3,Available,
1138,2,887,Single,320,7,Available,
1139,2,217,Family,252,3,Booked,
1140,1,814,Family,267,4,Booked,
1141,2,903,Single,261,4,Available,
1142,6,743,Family,318,3,Booked,
1143,5,254,Family,176,8,Booked,
1144,5,768,Suite,249,10,Occupied,1631
1145,6,657,Double,258,,Available,
1146,3,132,Suite,111,15,Available,632
1147,3,419,Deluxe,126,8,Occupied,
1148,3,389,Suite,96,8,Occupied,917
1149,4,699,Suite,317,10,Available,
1150,2,632,Family,126,10,Cleaning,260
1151,6,169,Single,62,14,,1557
1152,2,593,Single,59,,Occupied,
1153,2,747,Family,172,13,Booked,
1154,1,860,Twin,285,10,,863
1155,5,871,Suite,287,2,Booked,
1156,4,580,Deluxe,243,4,Available,1687
1157,3,662,Family,274,14,Available,17
1158,3,578,Single,159,9,Available,
1159,5,992,Twin,277,5,Occupied,
1160,4,596,Deluxe,270,5,Available,1559
1161,6,393,Single,269,4,Available,
1162,5,341,Family,90,8,Available,
1163,2,504,Double,260,5,Available,
1164,2,791,Double,277,3,Maintenance,
1165,6,172,Suite,133,,Available,371
1166,3,218,Double,166,12,Occupied,
1167,3,737,Single,251,4,Occupied,
1168,2,809,Double,288,10,Available,
1169,3,282,Double,255,4,Available,
1170,4,668,Deluxe,51,8,Cleaning,849
1171,6,235,Suite,102,9,Available,
1172,5,551,Double,195,7,Available,
1173,1,314,Family,314,13,Available,
1174,1,600,Suite,205,13,Available,
1175,2,561,Twin,315,2,,
1176,5,706,Suite,195,13,Booked,
1177,5,733,Family,138,14,Available,
1178,5,717,Family,175,11,Available,
1179,1,307,Double,176,3,,
1180,6,281,Double,212,4,,
1181,2,158,Family,152,12,Available,
1182,4,838,Twin,50,13,,
1183,1,840,Deluxe,264,2,Booked,
1184,6,164,Family,173,15,Cleaning,
1185,1,260,Twin,257,,Occupied,1935
1186,5,362,Single,190,15,Occupied,533
1187,2,234,Double,30,10,Booked,1030
1188,1,391,Twin,298,14,Available,
1189,2,666,Twin,272,2,Available,1417
1190,4,963,Family,185,12,Available,1722
1191,3,740,Deluxe,175,11,Available,
1192,6,252,Family,332,10,Maintenance,
1193,4,984,Twin,102,13,Available,895
1194,2,342,Family,249,7,Booked,
1195,6,151,Single,308,,Available,
1196,4,997,Family,284,,Booked,1709
1197,6,288,Double,232,3,Available,
1198,3,581,Double,101,13,Booked,
1199,1,445,Family,218,,Booked,1508
1200,1,421,Double,192,5,Booked,1182
1201,5,698,Family,152,10,Available,
1202,4,940,Twin,214,11,,
1203,4,913,Suite,165,2,Available,
1204,1,522,Twin,48,15,Available,
1205,2,656,Suite,285,14,,490
1206,1,776,Twin,203,12,Available,
1207,5,491,Family,48,14,Available,285
1208,4,519,Single,334,6,Booked,1885
1209,1,915,Single,242,8,Available,
1210,5,675,Twin,156,,Occupied,
1211,6,855,Deluxe,338,7,Maintenance,
1212,4,807,Single,283,,Available,1670
1213,5,651,Twin,230,3,Available,
1214,1,379,Deluxe,79,14,Booked,904
1215,3,553,Single,114,13,Available,
1216,1,657,Single,230,15,Available,
1217,3,594,Twin,204,8,Occupied,
1218,4,445,Single,140,11,Available,
1219,6,165,Deluxe,128,4,Available,884
1220,5,929,Double,258,11,Booked,
1221,4,719,Single,313,9,,
1222,6,236,Double,211,3,Available,
1223,2,115,Suite,209,2,Available,
1224,5,410,Double,113,9,Available,612
1225,2,839,Single,248,1,Booked,
1226,3,252,Suite,169,8,Booked,
1227,5,587,Double,319,,Maintenance,
1228,5,109,Double,122,6,Available,
1229,3,844,Double,251,7,Available,
1230,6,941,Deluxe,185,6,Available,
1231,3,462,Suite,264,8,Booked,
1232,6,151,Family,236,9,Available,
1233,2,131,Double,42,1,Booked,1899
1234,4,136,Twin,229,4,Booked,
1235,4,722,Family,95,13,Available,
1236,6,110,Family,166,4,Booked,
1237,3,824,Twin,318,8,Available,1397
1238,3,472,Twin,117,10,Available,
1239,2,596,Family,195,7,Available,176
1240,2,385,Suite,317,,Maintenance,
1241,1,699,Suite,173,,Maintenance,
1242,3,806,Family,62,3,Available,
1243,3,350,Single,150,7,Maintenance,1828
1244,1,206,Deluxe,333,14,Available,626
1245,6,931,Double,107,15,Available,1086
1246,4,363,Suite,336,10,Available,
1247,4,842,Family,194,4,Available,
1248,2,349,Family,50,1,Available,
1249,1,277,Family,253,8,Available,1890
1250,6,523,Suite,38,15,Occupied,
1251,4,405,Single,176,12,Cleaning,
1252,2,977,Suite,299,11,Available,
1253,4,376,Double,225,8,Booked,
1254,4,150,Double,219,4,Booked,560
1255,6,292,Suite,260,1,Booked,
1256,3,559,Twin,143,4,Available,
1257,5,297,Double,79,12,Available,
1258,2,525,Twin,137,8,,1506
1259,4,128,Twin,264,,Booked,
1260,3,485,Deluxe,303,10,Available,
1261,1,870,Deluxe,35,,Available,
1262,1,393,Twin,108,15,Occupied,
1263,3,283,Family,233,1,Maintenance,
1264,4,224,Twin,74,4,Available,
1265,5,454,Suite,62,13,Available,
1266,2,168,Double,49,11,Available,
1267,2,173,Single,291,3,Available,
1268,3,765,Suite,37,1,Booked,1609
1269,6,768,Double,181,8,Available,
1270,3,318,Single,41,8,Booked,1347
1271,3,228,Double,161,5,Booked,
1272,6,135,Suite,118,11,Available,
1273,4,774,Double,281,11,Booked,
1274,1,729,Deluxe,73,,Available,
1275,6,242,Single,278,14,Available,
1276,6,477,Family,131,6,Available,1283
1277,4,268,Twin,69,14,Available,
1278,1,580,Family,232,3,Available,
1279,4,948,Suite,65,1,Occupied,
1280,6,906,Suite,236,13,Available,
1281,2,443,Single,169,,Available,1634
1282,3,625,Deluxe,208,8,Occupied,
1283,4,205,Single,320,7,Booked,
1284,1,696,Double,199,4,Available,
1285,2,411,Single,132,12,Available,
1286,2,852,Family,33,9,Available,
1287,3,841,Family,320,3,Available,
1288,6,764,Family,67,13,Available,494
1289,6,357,Suite,217,9,Available,
1290,3,343,Double,340,10,Occupied,
1291,5,150,Deluxe,317,13,Cleaning,
1292,3,920,Double,47,10,Available,18
1293,5,322,Family,69,2,Booked,
1294,1,482,Double,198,7,Booked,
1295,1,686,Deluxe,36,4,Available,
1296,5,188,Double,239,14,Cleaning,
1297,5,475,Deluxe,201,3,Available,
1298,2,268,Family,278,2,Available,
1299,6,651,Single,182,11,Cleaning,
1300,5,255,Suite,192,9,Occupied,749
1301,4,525,Single,72,9,Available,
1302,3,668,Single,49,1,Available,
1303,1,718,Double,246,7,,
1304,1,847,Single,168,7,Available,
1305,2,872,Family,269,6,Available,1988
1306,1,235,Twin,104,,Booked,776
1307,4,737,Suite,65,11,,
1308,5,661,Deluxe,86,4,Available,
1309,1,410,Suite,158,10,Available,
1310,2,339,Family,298,5,Booked,1269
1311,6,849,Family,37,5,Available,
1312,3,353,Deluxe,152,6,Cleaning,
1313,3,533,Deluxe,112,9,Occupied,
1314,6,448,Twin,209,2,Available,
1315,5,630,Double,188,6,Maintenance,1797
1316,5,194,Family,240,5,Booked,
1317,3,878,Deluxe,30,14,Available,
1318,5,344,Double,347,4,Available,611
1319,2,903,Single,184,7,Available,
1320,1,161,Single,309,14,Available,
1321,4,916,Twin,206,4,Available,
1322,3,876,Twin,309,14,Booked,
1323,6,936,Deluxe,190,1,Booked,
1324,6,460,Suite,206,10,Cleaning,
1325,4,604,Deluxe,89,,Booked,
1326,5,908,Twin,122,8,Available,
1327,3,584,Twin,321,7,Available,
1328,1,316,Deluxe,118,12,Cleaning,
1329,3,205,Deluxe,245,13,Occupied,
1330,6,639,Suite,345,4,,
1331,5,455,Suite,231,13,Available,1291
1332,1,888,Twin,250,13,Available,
1333,1,666,Family,154,6,Available,1919
1334,6,588,Double,64,9,Available,1718
1335,4,779,Deluxe,283,4,Available,309
1336,6,838,Double,40,9,Available,
1337,5,976,Deluxe,94,13,Available,
1338,4,711,Deluxe,38,14,Available,
1339,4,972,Suite,134,7,Cleaning,
1340,2,228,Twin,223,3,Booked,696
1341,3,743,Family,159,9,Available,
1342,5,433,Deluxe,284,5,Available,
1343,1,104,Deluxe,96,15,Booked,1592
1344,3,127,Single,251,3,Available,
1345,4,237,Suite,350,11,Available,
1346,3,426,Twin,67,9,,
1347,5,312,Family,47,9,Available,803
1348,1,270,Deluxe,306,1,,
1349,6,135,Suite,250,1,,
1350,4,498,Family,301,,Booked,1198
1351,6,156,Deluxe,233,7,Booked,
1352,3,322,Single,286,15,Occupied,
1353,1,487,Single,51,12,Available,
1354,5,643,Double,71,7,Booked,
1355,2,586,Suite,148,6,Available,
1356,2,818,Deluxe,85,11,Maintenance,1230
1357,5,711,Suite,168,11,Occupied,
1358,6,996,Family,299,3,Cleaning,
1359,1,849,Twin,105,,Available,
1360,4,499,Suite,76,8,Available,
1361,4,449,Suite,84,3,Available,288
1362,4,229,Single,323,15,Booked,1362
1363,2,809,Single,31,7,Available,1268
1364,5,591,Single,140,8,Available,
1365,5,218,Single,237,11,Available,
1366,2,435,Single,155,15,Booked,
1367,4,368,Suite,344,1,Available,825
1368,3,818,Family,248,1,Booked,
1369,5,228,Single,90,12,,1273
1370,4,910,Single,161,15,Occupied,
1371,4,940,Twin,80,5,Available,
1372,2,904,Twin,71,6,Booked,
1373,6,806,Single,157,14,Booked,1072
1374,6,308,Deluxe,125,4,Occupied,
1375,5,906,Family,158,,Occupied,
1376,5,510,Twin,302,12,Available,
1377,3,366,Single,268,12,Maintenance,844
1378,6,579,Single,211,9,Maintenance,
1379,2,862,Family,133,6,Available,
1380,6,287,Double,47,3,Available,
1381,4,970,Family,57,7,Booked,
1382,3,629,Family,183,2,,
1383,6,862,Twin,182,2,Booked,
1384,5,800,Suite,43,12,Available,741
1385,5,801,Suite,36,11,Available,
1386,1,197,Suite,145,5,Available,981
1387,2,431,Double,286,2,Available,
1388,5,662,Twin,243,15,Available,514
1389,3,883,Twin,192,9,Booked,
1390,3,411,Deluxe,113,7,Available,
1391,3,921,Deluxe,212,8,Booked,
1392,2,662,Single,331,14,Booked,1122
1393,1,587,Single,48,6,Available,
1394,2,977,Twin,315,8,Available,
1395,3,494,Family,256,7,Available,
1396,3,751,Deluxe,40,14,Booked,
1397,3,302,Deluxe,181,8,Available,
1398,1,867,Deluxe,316,3,Booked,
1399,5,100,Twin,195,13,Available,562
1400,2,657,Twin,168,8,Booked,
1401,4,519,Suite,53,11,Booked,1280
1402,2,870,Deluxe,193,5,Available,1488
1403,1,571,Double,54,8,Booked,
1404,1,102,Deluxe,233,5,Available,
1405,1,984,Deluxe,240,15,Available,1202
1406,4,907,Deluxe,106,,Occupied,
1407,5,993,Double,250,,Maintenance,856
1408,5,906,Deluxe,346,,Available,1778
1409,5,879,Suite,134,,Available,
1410,2,451,Family,220,3,Booked,
1411,5,956,Double,96,2,Available,
1412,4,234,Deluxe,104,2,Available,
1413,4,648,Twin,315,9,Booked,138
1414,6,468,Double,58,15,Available,
1415,1,972,Double,321,9,Available,
1416,5,707,Deluxe,277,6,Occupied,
1417,1,356,Twin,272,11,,308
1418,2,211,Single,163,7,Available,
1419,2,957,Twin,255,12,Cleaning,
1420,1,838,Family,288,12,Available,
1421,4,259,Deluxe,311,7,Available,
1422,4,325,Suite,244,7,,
1423,4,591,Deluxe,106,4,Available,
1424,1,389,Double,89,5,Available,1518
1425,4,964,Family,46,9,Available,1147
1426,3,845,Family,310,2,Cleaning,
1427,1,667,Suite,120,2,Available,
1428,2,952,Family,104,2,Maintenance,1698
1429,2,246,Deluxe,213,4,Booked,1300
1430,5,638,Single,199,12,Booked,
1431,4,680,Single,207,13,Occupied,
1432,1,657,Single,121,12,Available,
1433,4,156,Twin,202,2,Available,862
1434,3,600,Single,106,7,Available,
1435,6,743,Twin,345,6,,
1436,6,786,Family,331,6,Occupied,1900
1437,1,634,Deluxe,159,7,,
1438,5,839,Single,187,11,Booked,445
1439,5,446,Single,32,8,Available,980
1440,6,233,Double,61,15,Available,
1441,2,411,Twin,142,10,Maintenance,305
1442,6,115,Family,199,8,,
1443,3,943,Single,200,13,Maintenance,
1444,6,137,Deluxe,222,,,
1445,3,632,Suite,97,12,Booked,1771
1446,2,730,Suite,330,15,Booked,959
1447,3,294,Double,259,11,Cleaning,269
1448,1,905,Twin,160,11,Cleaning,974
1449,3,682,Double,151,15,Available,831
1450,5,161,Single,260,4,Occupied,
1451,6,175,Family,83,1,Available,
1452,4,151,Deluxe,130,14,Booked,
1453,6,473,Suite,173,5,Booked,
1454,6,671,Deluxe,241,15,Booked,
1455,4,935,Family,264,7,Available,
1456,4,709,Double,217,1,Booked,
1457,3,615,Deluxe,163,2,Cleaning,
1458,1,861,Suite,150,4,Available,665
1459,1,236,Family,80,3,Available,1873
1460,1,881,Single,282,12,Occupied,
1461,6,439,Double,236,4,Available,
1462,1,259,Twin,220,14,Available,
1463,1,770,Suite,57,12,Available,
1464,1,118,Family,145,5,Available,805
1465,5,270,Twin,46,14,,
1466,4,489,Double,203,,Booked,
1467,5,265,Deluxe,293,14,Available,1911
1468,2,835,Double,120,15,Booked,304
1469,6,643,Double,310,4,Available,740
1470,3,654,Family,62,12,Booked,
1471,6,625,Single,321,4,,
1472,4,419,Double,89,5,Booked,775
1473,6,184,Deluxe,37,9,Booked,
1474,1,900,Family,42,11,Available,
1475,2,756,Single,108,2,Booked,1015
1476,6,764,Twin,325,14,Occupied,203
1477,3,809,Twin,103,12,Occupied,404
1478,2,705,Twin,281,8,,
1479,6,715,Family,336,12,,
1480,3,292,Twin,267,12,Available,
1481,6,504,Twin,169,15,Available,
1482,2,671,Double,90,5,Booked,
1483,1,909,Deluxe,269,8,Booked,
1484,3,769,Suite,130,,,317
1485,4,542,Twin,117,6,Available,
1486,2,350,Deluxe,101,6,Booked,
1487,3,689,Twin,62,9,Available,
1488,5,963,Family,238,,Maintenance,1916
1489,1,843,Twin,74,11,Available,
1490,2,696,Family,207,6,Available,878
1491,5,474,Family,181,13,Available,
1492,4,343,Deluxe,110,11,Booked,
1493,6,605,Deluxe,190,1,Available,1673
1494,3,221,Single,124,13,Available,1134
1495,4,689,Single,31,6,Available,1554
1496,6,170,Deluxe,83,13,Booked,
1497,6,636,Suite,252,6,Available,
1498,3,235,Family,102,2,Booked,
1499,3,364,Family,299,5,Available,
1500,1,774,Double,233,9,Available,
1501,6,252,Deluxe,170,10,Booked,
1502,6,256,Deluxe,158,4,Available,
1503,6,571,Deluxe,103,8,Available,
1504,2,245,Family,172,,Available,1405
1505,1,503,Deluxe,171,,Maintenance,
1506,2,866,Deluxe,237,12,Available,
1507,3,774,Single,103,14,Available,
1508,2,165,Single,147,14,Occupied,52
1509,2,528,Double,250,2,Available,
1510,1,846,Single,199,15,Booked,
1511,5,942,Twin,239,1,Available,1247
1512,6,245,Single,247,14,Available,
1513,2,165,Suite,219,2,Occupied,
1514,3,374,Deluxe,85,1,Available,
1515,5,677,Single,160,2,Available,1827
1516,2,234,Double,139,5,Available,1449
1517,6,482,Deluxe,232,15,Available,
1518,2,612,Suite,139,2,Available,1434
1519,6,952,Twin,194,8,Available,
1520,3,785,Twin,155,4,Available,
1521,4,228,Family,184,6,Available,
1522,4,953,Double,191,9,Available,
1523,1,587,Double,181,2,Booked,
1524,5,421,Twin,153,7,Available,
1525,6,591,Deluxe,63,,Booked,
1526,2,963,Deluxe,89,9,Available,1714
1527,1,682,Family,114,6,Available,
1528,6,150,Family,86,6,Available,1462
1529,1,689,Twin,312,14,Available,
1530,5,147,Suite,77,6,,
1531,2,764,Twin,34,12,Booked,
1532,6,787,Twin,42,2,Available,
1533,5,395,Twin,167,9,Available,1267
1534,2,520,Suite,330,3,,425
1535,5,643,Double,285,4,Available,1032
1536,5,553,Double,194,11,Available,1515
1537,6,729,Single,57,9,Booked,
1538,2,483,Double,213,4,Occupied,
1539,5,427,Twin,335,15,Available,983
1540,4,463,Suite,54,14,Available,
1541,3,459,Suite,58,13,Booked,
1542,5,767,Family,79,5,Booked,
1543,5,997,Double,297,,Available,
1544,3,900,Double,33,15,,
1545,5,672,Suite,44,15,Available,1034
1546,5,841,Double,243,8,Available,
1547,1,693,Deluxe,212,6,Available,
1548,2,391,Suite,240,,Booked,
1549,5,602,Deluxe,143,,Booked,
1550,1,250,Twin,336,5,Occupied,
1551,6,674,Twin,250,11,Available,
1552,5,601,Suite,300,13,Available,
1553,6,456,Twin,126,4,Occupied,
1554,3,309,Family,193,3,Available,629
1555,6,770,Single,138,7,Booked,
1556,1,392,Double,38,2,Available,1997
1557,5,598,Deluxe,211,11,Available,
1558,5,810,Double,275,7,Booked,
1559,2,342,Deluxe,282,13,,1527
1560,4,972,Deluxe,311,5,Maintenance,794
1561,5,425,Double,182,5,Available,
1562,4,185,Single,62,14,Available,40
1563,3,532,Deluxe,132,13,Booked,
1564,4,444,Double,93,12,Available,
1565,5,375,Double,54,15,Available,820
1566,5,837,Twin,291,4,Occupied,
1567,3,363,Twin,205,7,Booked,
1568,6,901,Family,80,6,Occupied,
1569,6,565,Double,278,8,Available,
1570,1,860,Double,43,15,Available,
1571,6,714,Deluxe,257,13,Booked,1734
1572,1,140,Single,94,3,Available,
1573,1,303,Single,224,1,Available,1753
1574,5,661,Family,182,9,Available,1680
1575,2,997,Family,187,15,Available,
1576,6,426,Family,258,10,Available,
1577,4,113,Deluxe,285,6,Available,
1578,3,454,Deluxe,338,6,Available,1908
1579,2,467,Family,69,9,Available,
1580,4,830,Suite,192,9,Available,
1581,6,661,Suite,57,4,,771
1582,4,858,Deluxe,246,2,Available,1547
1583,1,344,Deluxe,343,12,Available,
1584,1,728,Family,60,9,Booked,
1585,4,387,Single,238,15,Available,814
1586,4,495,Family,269,9,,1626
1587,3,942,Family,298,15,Booked,
1588,6,649,Double,52,6,Cleaning,1109
1589,6,326,Family,80,4,,
1590,1,175,Deluxe,301,12,,
1591,4,377,Twin,105,12,Available,706
1592,2,858,Single,308,6,Available,
1593,1,181,Family,143,,Available,
1594,6,667,Family,120,13,Occupied,1958
1595,2,155,Twin,67,4,Booked,
1596,2,320,Single,153,7,Available,
1597,3,352,Suite,42,4,Booked,92
1598,5,121,Single,40,14,Available,
1599,4,608,Twin,217,9,Available,
1600,5,486,Double,266,2,Booked,1656
1601,3,594,Double,52,7,Available,
1602,6,481,Single,243,14,,1246
1603,3,365,Deluxe,75,11,Available,1252
1604,4,301,Double,327,13,Available,645
1605,4,152,Single,103,4,Booked,952
1606,4,129,Twin,183,3,Available,411
1607,4,336,Twin,298,5,Available,
1608,2,201,Family,307,1,,1776
1609,5,747,Double,97,4,Available,
1610,6,229,Deluxe,70,4,Available,
1611,4,188,Deluxe,239,3,Booked,
1612,1,983,Twin,152,7,Available,
1613,4,616,Deluxe,78,11,Available,1469
1614,1,859,Family,229,5,Available,
1615,1,755,Single,223,2,Booked,
1616,1,398,Family,318,2,Booked,
1617,5,559,Double,337,3,Booked,
1618,6,764,Family,170,9,Booked,1135
1619,5,378,Deluxe,118,,Available,
1620,4,838,Suite,327,,Available,
1621,3,427,Suite,220,12,Available,
1622,6,429,Suite,260,3,Available,20
1623,6,132,Family,161,15,Available,1277
1624,3,923,Single,261,9,Available,
1625,3,868,Suite,271,7,Booked,
1626,1,706,Single,247,4,Available,
1627,6,660,Deluxe,283,2,Occupied,
1628,5,648,Deluxe,182,11,Available,1153
1629,4,332,Single,251,7,Available,
1630,4,345,Twin,54,3,Cleaning,
1631,1,294,Deluxe,283,15,Available,
1632,5,536,Single,228,12,Available,
1633,4,991,Double,251,10,Booked,
1634,3,416,Deluxe,295,4,Available,
1635,6,764,Family,117,15,Booked,
1636,5,507,Double,121,10,Booked,
1637,3,561,Suite,138,5,,
1638,2,351,Family,89,5,Available,
1639,1,135,Suite,268,2,,
1640,4,640,Deluxe,277,1,Booked,
1641,1,921,Deluxe,92,7,Booked,1241
1642,3,927,Double,210,5,Occupied,
1643,6,524,Double,130,9,Booked,
1644,1,699,Double,108,2,Available,
1645,6,205,Family,349,14,Available,301
1646,4,628,Double,260,5,Available,
1647,1,406,Family,296,7,Available,
1648,4,488,Suite,209,14,,
1649,2,761,Double,187,7,Available,
1650,6,926,Deluxe,142,7,,
1651,2,654,Single,95,3,Occupied,
1652,3,728,Single,190,13,Booked,1217
1653,5,479,Double,311,,Available,
1654,5,713,Suite,35,15,Available,
1655,2,348,Double,86,8,Available,
1656,6,634,Single,30,12,Booked,
1657,4,682,Twin,195,7,Occupied,
1658,5,279,Twin,74,1,Occupied,
1659,1,257,Family,151,8,Available,
1660,4,216,Single,270,10,Booked,
1661,4,565,Twin,194,13,Booked,
1662,5,161,Deluxe,103,5,Booked,
1663,4,874,Twin,154,14,Available,
1664,4,418,Double,41,4,Maintenance,
1665,6,554,Single,229,,Available,
1666,1,340,Deluxe,158,2,Available,511
1667,1,179,Single,322,9,Available,284
1668,5,907,Suite,222,9,Available,
1669,5,982,Suite,134,1,Available,
1670,6,854,Twin,249,4,Available,
1671,3,183,Double,64,,Booked,
1672,3,346,Family,159,8,Maintenance,
1673,3,252,Suite,131,10,Available,
1674,4,184,Single,289,5,Occupied,541
1675,3,119,Family,318,7,Available,
1676,2,221,Twin,350,1,Booked,
1677,6,719,Deluxe,294,11,Available,
1678,1,715,Single,113,14,Available,234
1679,2,717,Double,54,13,Booked,1000
1680,2,450,Single,271,11,Available,1264
1681,5,913,Single,156,11,Available,
1682,2,978,Twin,328,5,Booked,155
1683,4,189,Single,167,3,Available,
1684,5,779,Double,51,12,Maintenance,1365
1685,3,466,Deluxe,339,15,Available,12
1686,6,717,Twin,48,11,Occupied,1663
1687,2,810,Deluxe,321,5,Available,
1688,5,346,Suite,222,7,Occupied,
1689,4,683,Double,54,10,Booked,
1690,1,538,Family,211,13,Available,
1691,1,339,Deluxe,166,3,Maintenance,1069
1692,5,304,Family,108,3,Available,730
1693,4,174,Suite,316,2,Booked,
1694,5,483,Suite,323,,,
1695,3,843,Twin,47,5,Booked,
1696,4,823,Family,205,7,Occupied,
1697,3,212,Twin,299,15,Available,
1698,5,817,Family,333,11,Booked,1706
1699,6,420,Suite,243,3,Available,
1700,5,317,Twin,237,4,Booked,
1701,2,992,Twin,129,9,Available,
1702,4,803,Family,229,9,Available,
1703,3,495,Family,82,1,,532
1704,2,799,Double,250,13,Available,
1705,6,237,Deluxe,165,7,Cleaning,1271
1706,1,671,Single,308,10,Available,
1707,3,634,Deluxe,234,7,Available,908
1708,4,649,Deluxe,89,,Available,
1709,6,645,Twin,207,7,Booked,1415
1710,1,292,Deluxe,324,9,Available,271
1711,1,388,Twin,75,6,Available,
1712,5,772,Deluxe,296,2,Available,
1713,4,659,Family,31,9,Maintenance,102
1714,4,507,Double,335,15,Available,709
1715,1,170,Suite,310,2,Available,
1716,3,361,Family,40,11,Booked,
1717,3,745,Double,124,8,Available,
1718,6,491,Family,300,9,Available,
1719,2,880,Twin,291,9,Available,
1720,5,935,Single,140,10,Available,1375
1721,6,556,Suite,284,3,Available,
1722,2,377,Deluxe,342,7,Available,
1723,3,176,Single,224,2,Available,1513
1724,4,446,Single,35,10,Available,973
1725,4,956,Single,316,,Available,1014
1726,4,148,Suite,54,12,Available,
1727,3,191,Suite,169,,Booked,
1728,2,488,Deluxe,336,11,Available,
1729,4,708,Family,213,2,Booked,
1730,1,998,Double,214,5,Booked,
1731,1,683,Double,60,15,Occupied,
1732,4,440,Single,278,3,Available,
1733,2,599,Family,115,7,Occupied,
1734,3,111,Twin,67,2,Available,
1735,3,300,Suite,60,,Occupied,
1736,2,909,Twin,188,8,Available,
1737,3,747,Twin,317,9,Available,
1738,3,208,Double,251,11,Available,1167
1739,5,809,Suite,166,,,
1740,5,606,Twin,92,1,Available,
1741,4,330,Twin,297,7,Maintenance,
1742,2,644,Single,152,8,Occupied,1894
1743,5,725,Family,252,7,Booked,
1744,6,951,Suite,66,14,Available,
1745,1,723,Suite,84,11,Booked,1955
1746,5,167,Suite,194,11,Maintenance,597
1747,3,587,Twin,91,13,Available,
1748,4,814,Double,73,14,Available,1305
1749,5,825,Family,61,3,Available,
1750,3,307,Family,78,14,Available,
1751,4,812,Family,313,7,Available,
1752,2,850,Single,211,8,Available,1752
1753,2,129,Twin,320,5,Available,
1754,6,493,Family,140,1,Maintenance,
1755,1,889,Twin,90,6,Available,
1756,2,590,Suite,235,15,Available,697
1757,6,306,Single,86,,Available,
1758,5,955,Deluxe,159,5,Booked,
1759,3,687,Single,340,13,Available,
1760,4,848,Double,338,15,Available,1317
1761,3,416,Twin,327,4,Available,
1762,3,628,Deluxe,145,14,Booked,
1763,2,368,Family,181,8,Booked,
1764,1,619,Single,338,4,Available,
1765,4,166,Deluxe,115,14,Available,
1766,6,875,Double,96,8,Available,343
1767,6,561,Double,61,3,Booked,
1768,6,249,Twin,31,13,,
1769,6,747,Deluxe,348,8,Available,187
1770,3,417,Deluxe,148,14,Maintenance,
1771,4,436,Twin,149,10,Booked,
1772,4,363,Single,146,10,Available,265
1773,5,272,Double,199,14,Available,83
1774,4,528,Single,332,8,Available,
1775,5,513,Suite,257,12,,450
1776,3,857,Family,230,14,Booked,1739
1777,4,432,Twin,216,11,Available,1762
1778,2,419,Suite,143,6,Booked,
1779,5,680,Twin,312,14,Booked,
1780,3,790,Double,192,4,Available,
1781,3,443,Single,33,11,Available,
1782,6,567,Suite,54,8,Available,
1783,6,991,Deluxe,129,9,,
1784,4,865,Twin,308,1,Booked,1361
1785,4,488,Family,134,,Available,
1786,3,151,Deluxe,150,13,Available,
1787,2,231,Double,272,4,Available,
1788,6,502,Deluxe,285,13,Available,
1789,1,572,Suite,158,9,Booked,1779
1790,6,376,Family,235,14,Available,
1791,1,733,Twin,280,3,Cleaning,1287
1792,3,841,Double,54,4,Available,
1793,5,207,Family,90,2,Available,
1794,2,944,Suite,110,9,Occupied,
1795,1,593,Deluxe,72,2,Booked,
1796,6,191,Family,124,9,Available,
1797,6,413,Twin,342,12,Available,
1798,2,460,Double,336,15,Booked,
1799,1,199,Deluxe,173,10,Available,525
1800,2,201,Family,220,,Available,212
1801,3,347,Twin,79,14,Available,
1802,5,356,Double,175,12,Booked,
1803,1,701,Double,168,7,Booked,
1804,2,275,Suite,106,2,Occupied,291
1805,5,201,Family,297,5,Available,583
1806,5,804,Suite,217,7,Booked,
1807,2,380,Single,62,10,Booked,1184
1808,1,579,Single,234,2,Booked,
1809,2,729,Single,76,2,Occupied,1627
1810,1,979,Family,142,13,Maintenance,
1811,6,426,Single,319,10,Available,
1812,1,540,Deluxe,41,10,Available,
1813,5,201,Family,168,9,Booked,
1814,4,976,Deluxe,109,2,Available,
1815,1,155,Deluxe,185,5,Available,876
1816,2,752,Single,304,2,Available,
1817,6,869,Single,143,12,Available,
1818,4,948,Single,301,15,Available,
1819,3,346,Suite,170,5,Available,1511
1820,5,867,Twin,82,1,Available,551
1821,4,815,Suite,254,13,Available,1473
1822,4,697,Deluxe,290,7,Available,
1823,2,593,Deluxe,294,10,Available,
1824,5,178,Deluxe,283,6,Maintenance,
1825,4,464,Single,99,2,Available,
1826,4,911,Single,153,5,Available,9
1827,2,115,Twin,144,14,Available,
1828,5,572,Twin,205,2,Available,
1829,3,835,Double,57,2,Available,
1830,1,217,Double,297,8,Available,
1831,1,771,Twin,339,12,Available,
1832,5,173,Deluxe,258,2,Booked,277
1833,1,345,Deluxe,301,5,Available,
1834,1,684,Single,123,9,Available,
1835,5,713,Family,284,13,Available,
1836,6,648,Twin,261,1,Available,1538
1837,5,856,Deluxe,212,2,,
1838,4,300,Twin,249,5,Available,
1839,5,643,Suite,263,,Available,664
1840,2,719,Suite,102,5,Booked,
1841,4,135,Suite,241,,Available,
1842,4,603,Suite,316,15,Booked,
1843,1,490,Deluxe,224,8,Booked,
1844,5,251,Twin,211,7,Available,
1845,4,372,Deluxe,297,,Available,1618
1846,5,764,Double,131,2,Booked,
1847,5,120,Single,65,4,Booked,
1848,5,570,Family,138,2,Available,
1849,6,385,Single,277,12,Available,1867
1850,6,494,Single,144,6,Available,
1851,6,651,Family,121,7,Available,
1852,3,663,Double,159,2,Available,134
1853,3,348,Double,279,15,Occupied,447
1854,2,978,Suite,217,7,Available,
1855,4,613,Single,169,11,Available,
1856,2,971,Deluxe,88,15,Booked,
1857,4,911,Twin,317,11,Available,
1858,5,558,Single,233,1,Available,
1859,2,747,Double,35,11,,1723
1860,1,736,Deluxe,185,2,Available,
1861,2,775,Twin,116,5,Available,
1862,5,309,Suite,53,15,Occupied,
1863,6,898,Double,343,12,Booked,
1864,1,660,Double,69,15,Available,
1865,2,611,Deluxe,109,7,Available,891
1866,3,262,Twin,183,5,Booked,1338
1867,1,947,Family,184,12,Booked,
1868,5,349,Family,151,15,Occupied,
1869,5,695,Deluxe,262,3,Available,
1870,4,685,Deluxe,317,,Available,
1871,1,490,Double,246,4,Occupied,1458
1872,6,134,Twin,142,1,Available,
1873,4,664,Family,308,6,Available,1676
1874,2,854,Deluxe,329,8,Available,1917
1875,1,696,Suite,95,5,Booked,
1876,4,419,Twin,336,2,Available,
1877,3,225,Twin,350,1,Occupied,121
1878,3,449,Deluxe,311,14,Available,
1879,5,835,Deluxe,198,11,Available,1720
1880,1,355,Suite,323,8,Maintenance,1920
1881,4,681,Single,137,1,Occupied,
1882,5,165,Twin,340,6,Available,
1883,6,191,Single,43,15,Available,
1884,1,657,Suite,32,4,Occupied,618
1885,2,303,Deluxe,192,11,Available,
1886,6,188,Twin,102,7,Available,
1887,4,569,Single,202,,Booked,881
1888,4,715,Twin,195,12,Booked,
1889,6,413,Double,103,8,Booked,464
1890,1,456,Twin,220,1,Available,
1891,3,410,Deluxe,130,14,Booked,
1892,4,969,Twin,326,9,Booked,484
1893,3,828,Family,203,8,Available,
1894,3,780,Double,162,15,Available,
1895,5,357,Double,159,3,Booked,
1896,3,551,Single,170,10,Available,
1897,5,642,Twin,154,9,Occupied,
1898,2,380,Family,279,1,Occupied,
1899,3,156,Suite,238,7,Available,
1900,2,980,Suite,349,9,Booked,
1901,1,286,Family,138,13,Booked,1583
1902,3,692,Suite,49,10,Booked,
1903,2,359,Double,126,10,Available,1503
1904,6,828,Suite,303,8,Available,1561
1905,3,296,Single,68,13,Available,
1906,5,720,Twin,203,11,Occupied,
1907,5,368,Suite,309,7,Booked,
1908,1,111,Suite,324,13,Available,
1909,3,421,Family,50,2,Available,
1910,5,190,Suite,106,4,Booked,
1911,4,392,Suite,202,13,Available,
1912,4,344,Deluxe,331,1,Available,
1913,2,417,Single,289,14,Available,
1914,5,357,Double,286,7,Available,
1915,1,319,Family,73,14,Available,
1916,5,796,Family,265,14,Booked,195
1917,1,261,Suite,92,,Occupied,
1918,1,974,Twin,306,4,Available,
1919,2,360,Single,178,10,Available,
1920,6,483,Deluxe,162,,Occupied,
1921,1,973,Twin,235,8,Available,287
1922,4,227,Twin,106,7,Booked,249
1923,2,605,Single,194,11,Booked,99
1924,5,346,Double,340,9,Available,88
1925,2,343,Single,185,13,Available,754
1926,4,915,Suite,42,7,Occupied,1992
1927,6,833,Double,303,7,Available,640
1928,2,108,Suite,84,1,,224
1929,1,253,Family,212,9,Available,
1930,3,872,Family,317,15,Available,
1931,3,142,Deluxe,121,13,Occupied,
1932,1,202,Single,313,14,,
1933,1,475,Single,335,15,Available,
1934,1,416,Suite,300,12,Available,
1935,3,543,Suite,131,3,Available,
1936,6,253,Family,34,14,Occupied,
1937,5,397,Twin,169,2,Available,702
1938,3,335,Twin,279,5,Available,
1939,1,562,Deluxe,246,9,Available,
1940,6,424,Double,56,2,Available,
1941,3,752,Deluxe,100,12,Available,
1942,4,106,Double,165,12,Available,295
1943,1,906,Deluxe,238,3,Cleaning,
1944,2,691,Family,142,11,Available,1132
1945,6,511,Double,231,,Available,
1946,4,493,Single,76,12,,23
1947,3,220,Single,124,6,Booked,576
1948,4,691,Suite,299,4,Booked,1346
1949,4,930,Suite,214,,Available,
1950,3,623,Single,276,7,Available,
1951,6,466,Single,214,9,Booked,772
1952,3,513,Twin,90,4,,
1953,1,538,Twin,293,14,,734
1954,2,713,Deluxe,102,12,,
1955,6,645,Single,328,2,Available,
1956,1,536,Single,295,13,Booked,
1957,2,821,Family,197,14,Occupied,
1958,4,305,Double,43,2,Booked,1440
1959,3,217,Single,123,15,Available,1881
1960,6,251,Single,132,11,Available,
1961,3,292,Double,305,14,Available,
1962,2,466,Twin,175,10,,
1963,6,362,Suite,81,7,Available,290
1964,4,322,Family,227,8,Available,
1965,5,968,Family,67,,Maintenance,1642
1966,5,853,Family,187,10,Available,
1967,3,212,Double,69,5,Booked,
1968,5,330,Suite,326,1,Available,
1969,3,253,Family,63,15,,437
1970,2,209,Double,158,4,Maintenance,516
1971,1,469,Double,190,3,Available,
1972,4,648,Double,312,7,Available,1963
1973,4,465,Twin,274,14,Available,
1974,6,978,Twin,317,4,Available,
1975,2,312,Suite,106,2,Booked,1517
1976,1,858,Single,33,5,Available,
1977,3,629,Single,126,13,Available,
1978,6,197,Deluxe,264,3,Available,1253
1979,6,132,Double,53,11,Booked,
1980,3,968,Single,76,15,Available,550
1981,6,513,Deluxe,298,14,Maintenance,
1982,5,354,Double,337,2,Available,
1983,2,996,Suite,82,5,Available,
1984,6,518,Twin,229,13,Available,1452
1985,1,208,Suite,58,13,Available,
1986,6,659,Suite,183,8,Available,354
1987,3,471,Deluxe,217,10,,564
1988,3,830,Suite,212,12,Available,
1989,2,624,Deluxe,117,,Available,
1990,2,719,Family,61,3,Available,385
1991,2,244,Double,51,3,Available,
1992,2,826,Suite,337,11,Cleaning,
1993,6,103,Twin,66,2,Booked,
1994,1,775,Single,265,2,Available,1825
1995,2,746,Suite,289,8,Available,199
1996,3,449,Deluxe,179,5,Booked,356
1997,3,713,Suite,299,11,Available,
1998,1,783,Single,104,11,Available,
1999,3,620,Twin,188,3,Booked,1334
2000,6,232,Double,326,13,Available,105
