room_id,room_num,type,price,Branch_name,booking_count,total_revenue,avg_stay,cluster,cluster_name
3,443,Double,188.0,Luxor Nile Branch,0.0,0.0,0.0,0,"3rd (Popular) - 2,236 EGP/cluster"
7,918,Family,228.0,Aswan View Branch,2.0,4483.959999999999,9.0,1,"1st (VIP) - 4,399 EGP/cluster"
8,834,Deluxe,289.0,Luxor Nile Branch,1.0,3179.72,11.0,2,"2nd (Premium) - 2,396 EGP/cluster"
9,655,Twin,277.0,Mansoura Center Branch,0.0,0.0,0.0,0,"3rd (Popular) - 2,236 EGP/cluster"
12,155,Twin,91.0,Luxor Nile Branch,2.0,1120.42,5.5,1,"1st (VIP) - 4,399 EGP/cluster"
14,112,Family,88.0,Aswan View Branch,1.0,848.96,8.0,1,"1st (VIP) - 4,399 EGP/cluster"
18,168,Family,235.0,Mansoura Center Branch,0.0,0.0,0.0,0,"3rd (Popular) - 2,236 EGP/cluster"
19,636,Double,340.0,Aswan View Branch,1.0,4395.35,10.0,1,"1st (VIP) - 4,399 EGP/cluster"
22,401,Double,236.0,Mansoura Center Branch,1.0,819.28,3.0,1,"1st (VIP) - 4,399 EGP/cluster"
24,845,Double,72.0,Downtown Branch,2.0,1550.4399999999998,8.5,1,"1st (VIP) - 4,399 EGP/cluster"
26,489,Suite,258.0,Luxor Nile Branch,1.0,1460.71,6.0,2,"2nd (Premium) - 2,396 EGP/cluster"
27,377,Single,350.0,Mansoura Center Branch,1.0,3803.78,11.0,1,"1st (VIP) - 4,399 EGP/cluster"
28,616,Single,184.0,Mansoura Center Branch,0.0,0.0,0.0,0,"3rd (Popular) - 2,236 EGP/cluster"
30,526,Single,319.0,Aswan View Branch,2.0,2820.08,4.0,1,"1st (VIP) - 4,399 EGP/cluster"
31,197,Deluxe,320.0,Aswan View Branch,1.0,2130.74,6.0,2,"2nd (Premium) - 2,396 EGP/cluster"
32,250,Double,213.0,Mansoura Center Branch,0.0,0.0,0.0,0,"3rd (Popular) - 2,236 EGP/cluster"
34,332,Family,208.0,Mansoura Center Branch,0.0,0.0,0.0,0,"3rd (Popular) - 2,236 EGP/cluster"
39,413,Twin,254.0,Downtown Branch,0.0,0.0,0.0,0,"3rd (Popular) - 2,236 EGP/cluster"
41,718,Double,190.0,Mansoura Center Branch,0.0,0.0,0.0,0,"3rd (Popular) - 2,236 EGP/cluster"
44,546,Double,134.0,Luxor Nile Branch,1.0,1700.77,14.0,1,"1st (VIP) - 4,399 EGP/cluster"
46,525,Single,210.0,Aswan View Branch,0.0,0.0,0.0,0,"3rd (Popular) - 2,236 EGP/cluster"
47,630,Double,236.0,Aswan View Branch,1.0,2661.45,12.0,1,"1st (VIP) - 4,399 EGP/cluster"
48,150,Single,212.0,Mansoura Center Branch,0.0,0.0,0.0,0,"3rd (Popular) - 2,236 EGP/cluster"
49,733,Family,177.0,Mansoura Center Branch,1.0,1482.34,9.0,1,"1st (VIP) - 4,399 EGP/cluster"
50,288,Twin,282.0,Aswan View Branch,1.0,511.17,2.0,1,"1st (VIP) - 4,399 EGP/cluster"
51,199,Deluxe,138.0,Aswan View Branch,1.0,1293.19,7.0,2,"2nd (Premium) - 2,396 EGP/cluster"
52,954,Suite,142.0,Mansoura Center Branch,1.0,1649.37,10.0,2,"2nd (Premium) - 2,396 EGP/cluster"
57,418,Double,74.0,Aswan View Branch,2.0,1446.72,8.0,1,"1st (VIP) - 4,399 EGP/cluster"
58,642,Single,203.0,Luxor Nile Branch,0.0,0.0,0.0,0,"3rd (Popular) - 2,236 EGP/cluster"
60,717,Family,71.0,Aswan View Branch,2.0,1585.2,10.5,1,"1st (VIP) - 4,399 EGP/cluster"
62,641,Double,272.0,Aswan View Branch,0.0,0.0,0.0,0,"3rd (Popular) - 2,236 EGP/cluster"
63,510,Single,325.0,Downtown Branch,1.0,3617.96,9.0,1,"1st (VIP) - 4,399 EGP/cluster"
65,689,Family,272.0,Aswan View Branch,1.0,1662.79,6.0,1,"1st (VIP) - 4,399 EGP/cluster"
67,328,Family,224.0,Downtown Branch,1.0,1040.66,5.0,1,"1st (VIP) - 4,399 EGP/cluster"
68,728,Deluxe,217.0,Aswan View Branch,1.0,1575.54,7.0,2,"2nd (Premium) - 2,396 EGP/cluster"
70,773,Family,275.0,Aswan View Branch,1.0,942.68,3.0,1,"1st (VIP) - 4,399 EGP/cluster"
72,314,Family,112.0,Aswan View Branch,1.0,869.58,7.0,1,"1st (VIP) - 4,399 EGP/cluster"
75,630,Deluxe,176.0,Mansoura Center Branch,1.0,1149.79,5.0,2,"2nd (Premium) - 2,396 EGP/cluster"
76,783,Twin,256.0,Luxor Nile Branch,1.0,3015.23,9.0,1,"1st (VIP) - 4,399 EGP/cluster"
78,335,Family,175.0,Mansoura Center Branch,2.0,2692.75,6.5,1,"1st (VIP) - 4,399 EGP/cluster"
79,704,Twin,326.0,Aswan View Branch,1.0,1533.42,5.0,1,"1st (VIP) - 4,399 EGP/cluster"
80,593,Twin,294.0,Aswan View Branch,1.0,2440.03,8.0,1,"1st (VIP) - 4,399 EGP/cluster"
81,845,Double,198.0,Aswan View Branch,2.0,1459.21,3.0,1,"1st (VIP) - 4,399 EGP/cluster"
83,672,Family,311.0,Downtown Branch,2.0,5403.9,9.0,1,"1st (VIP) - 4,399 EGP/cluster"
84,201,Twin,282.0,Aswan View Branch,0.0,0.0,0.0,0,"3rd (Popular) - 2,236 EGP/cluster"
85,682,Single,321.0,Aswan View Branch,0.0,0.0,0.0,0,"3rd (Popular) - 2,236 EGP/cluster"
86,684,Single,192.0,Aswan View Branch,2.0,4093.31,9.0,1,"1st (VIP) - 4,399 EGP/cluster"
92,110,Single,173.0,Mansoura Center Branch,1.0,1967.1,11.0,1,"1st (VIP) - 4,399 EGP/cluster"
93,265,Family,321.0,Aswan View Branch,2.0,2968.02,5.0,1,"1st (VIP) - 4,399 EGP/cluster"
94,663,Twin,81.0,Downtown Branch,1.0,564.51,7.0,1,"1st (VIP) - 4,399 EGP/cluster"
96,885,Single,206.0,Mansoura Center Branch,0.0,0.0,0.0,0,"3rd (Popular) - 2,236 EGP/cluster"
97,907,Family,191.0,Aswan View Branch,0.0,0.0,0.0,0,"3rd (Popular) - 2,236 EGP/cluster"
98,919,Deluxe,268.0,Downtown Branch,1.0,3540.72,11.0,2,"2nd (Premium) - 2,396 EGP/cluster"
99,846,Family,301.0,Aswan View Branch,0.0,0.0,0.0,0,"3rd (Popular) - 2,236 EGP/cluster"
100,631,Family,290.0,Aswan View Branch,0.0,0.0,0.0,0,"3rd (Popular) - 2,236 EGP/cluster"
104,554,Family,247.0,Aswan View Branch,0.0,0.0,0.0,0,"3rd (Popular) - 2,236 EGP/cluster"
105,357,Twin,227.0,Downtown Branch,2.0,5490.15,10.5,1,"1st (VIP) - 4,399 EGP/cluster"
106,173,Family,296.0,Luxor Nile Branch,0.0,0.0,0.0,0,"3rd (Popular) - 2,236 EGP/cluster"
108,137,Twin,119.0,Downtown Branch,1.0,1508.19,13.0,1,"1st (VIP) - 4,399 EGP/cluster"
109,778,Family,257.0,Downtown Branch,1.0,444.43,2.0,1,"1st (VIP) - 4,399 EGP/cluster"
113,139,Twin,229.0,Mansoura Center Branch,1.0,2508.98,10.0,1,"1st (VIP) - 4,399 EGP/cluster"
114,685,Twin,279.0,Aswan View Branch,0.0,0.0,0.0,0,"3rd (Popular) - 2,236 EGP/cluster"
115,839,Twin,247.0,Luxor Nile Branch,0.0,0.0,0.0,0,"3rd (Popular) - 2,236 EGP/cluster"
117,827,Family,231.0,Mansoura Center Branch,0.0,0.0,0.0,0,"3rd (Popular) - 2,236 EGP/cluster"
123,152,Deluxe,308.0,Mansoura Center Branch,1.0,1524.25,5.0,2,"2nd (Premium) - 2,396 EGP/cluster"
124,284,Family,287.0,Aswan View Branch,1.0,542.25,2.0,1,"1st (VIP) - 4,399 EGP/cluster"
125,893,Single,95.0,Aswan View Branch,1.0,1520.34,13.0,1,"1st (VIP) - 4,399 EGP/cluster"
126,707,Suite,193.0,Aswan View Branch,1.0,1788.75,7.0,2,"2nd (Premium) - 2,396 EGP/cluster"
128,217,Double,314.0,Luxor Nile Branch,1.0,3494.5,11.0,1,"1st (VIP) - 4,399 EGP/cluster"
129,152,Double,307.0,Mansoura Center Branch,0.0,0.0,0.0,0,"3rd (Popular) - 2,236 EGP/cluster"
130,825,Deluxe,142.0,Aswan View Branch,2.0,2278.29,7.0,2,"2nd (Premium) - 2,396 EGP/cluster"
131,379,Double,317.0,Mansoura Center Branch,2.0,4709.35,7.5,1,"1st (VIP) - 4,399 EGP/cluster"
134,695,Double,188.0,Aswan View Branch,1.0,1825.93,10.0,1,"1st (VIP) - 4,399 EGP/cluster"
135,411,Double,155.0,Luxor Nile Branch,0.0,0.0,0.0,0,"3rd (Popular) - 2,236 EGP/cluster"
139,251,Single,79.0,Mansoura Center Branch,2.0,2300.12,11.5,1,"1st (VIP) - 4,399 EGP/cluster"
140,833,Twin,316.0,Aswan View Branch,1.0,1651.28,6.0,1,"1st (VIP) - 4,399 EGP/cluster"
141,192,Family,286.0,Aswan View Branch,2.0,2058.58,5.0,1,"1st (VIP) - 4,399 EGP/cluster"
146,814,Single,245.0,Mansoura Center Branch,0.0,0.0,0.0,0,"3rd (Popular) - 2,236 EGP/cluster"
149,218,Double,225.0,Mansoura Center Branch,2.0,3421.12,6.0,1,"1st (VIP) - 4,399 EGP/cluster"
152,591,Deluxe,175.0,Mansoura Center Branch,2.0,2961.4700000000003,7.0,2,"2nd (Premium) - 2,396 EGP/cluster"
154,782,Twin,145.0,Downtown Branch,1.0,1818.81,10.0,1,"1st (VIP) - 4,399 EGP/cluster"
157,885,Family,249.0,Luxor Nile Branch,1.0,456.8,2.0,1,"1st (VIP) - 4,399 EGP/cluster"
158,881,Family,156.0,Downtown Branch,0.0,0.0,0.0,0,"3rd (Popular) - 2,236 EGP/cluster"
159,156,Twin,143.0,Downtown Branch,1.0,745.06,6.0,1,"1st (VIP) - 4,399 EGP/cluster"
160,536,Twin,250.0,Luxor Nile Branch,1.0,2564.24,11.0,1,"1st (VIP) - 4,399 EGP/cluster"
161,327,Family,318.0,Downtown Branch,2.0,5686.52,8.5,1,"1st (VIP) - 4,399 EGP/cluster"
162,472,Double,324.0,Aswan View Branch,0.0,0.0,0.0,0,"3rd (Popular) - 2,236 EGP/cluster"
163,823,Twin,327.0,Mansoura Center Branch,0.0,0.0,0.0,0,"3rd (Popular) - 2,236 EGP/cluster"
164,891,Single,149.0,Aswan View Branch,1.0,1202.67,6.0,1,"1st (VIP) - 4,399 EGP/cluster"
165,425,Double,173.0,Aswan View Branch,2.0,4473.32,12.5,1,"1st (VIP) - 4,399 EGP/cluster"
168,798,Double,183.0,Aswan View Branch,0.0,0.0,0.0,0,"3rd (Popular) - 2,236 EGP/cluster"
169,844,Double,182.0,Aswan View Branch,0.0,0.0,0.0,0,"3rd (Popular) - 2,236 EGP/cluster"
170,929,Family,255.0,Downtown Branch,1.0,3005.88,13.0,1,"1st (VIP) - 4,399 EGP/cluster"
174,371,Single,346.0,Mansoura Center Branch,1.0,959.36,3.0,1,"1st (VIP) - 4,399 EGP/cluster"
175,945,Single,241.0,Luxor Nile Branch,0.0,0.0,0.0,0,"3rd (Popular) - 2,236 EGP/cluster"
177,211,Twin,253.0,Downtown Branch,0.0,0.0,0.0,0,"3rd (Popular) - 2,236 EGP/cluster"
179,327,Family,139.0,Downtown Branch,1.0,329.37,2.0,1,"1st (VIP) - 4,399 EGP/cluster"
180,206,Double,315.0,Aswan View Branch,0.0,0.0,0.0,0,"3rd (Popular) - 2,236 EGP/cluster"
181,113,Single,279.0,Aswan View Branch,2.0,3366.44,6.5,1,"1st (VIP) - 4,399 EGP/cluster"
182,514,Deluxe,158.0,Mansoura Center Branch,2.0,2693.97,9.0,2,"2nd (Premium) - 2,396 EGP/cluster"
183,108,Double,313.0,Mansoura Center Branch,0.0,0.0,0.0,0,"3rd (Popular) - 2,236 EGP/cluster"
185,206,Deluxe,167.0,Downtown Branch,1.0,1973.64,12.0,2,"2nd (Premium) - 2,396 EGP/cluster"
187,239,Double,200.0,Aswan View Branch,0.0,0.0,0.0,0,"3rd (Popular) - 2,236 EGP/cluster"
188,926,Family,286.0,Aswan View Branch,0.0,0.0,0.0,0,"3rd (Popular) - 2,236 EGP/cluster"
189,177,Twin,215.0,Aswan View Branch,0.0,0.0,0.0,0,"3rd (Popular) - 2,236 EGP/cluster"
191,676,Family,301.0,Mansoura Center Branch,1.0,1994.74,7.0,1,"1st (VIP) - 4,399 EGP/cluster"
192,760,Double,145.0,Aswan View Branch,2.0,2034.7,6.5,1,"1st (VIP) - 4,399 EGP/cluster"
198,299,Twin,189.0,Mansoura Center Branch,2.0,3194.3399999999997,8.5,1,"1st (VIP) - 4,399 EGP/cluster"
199,841,Single,299.0,Aswan View Branch,0.0,0.0,0.0,0,"3rd (Popular) - 2,236 EGP/cluster"
201,473,Double,83.0,Mansoura Center Branch,1.0,1446.4,14.0,1,"1st (VIP) - 4,399 EGP/cluster"
204,747,Family,320.0,Aswan View Branch,0.0,0.0,0.0,0,"3rd (Popular) - 2,236 EGP/cluster"
205,968,Family,233.0,Aswan View Branch,1.0,3957.21,13.0,1,"1st (VIP) - 4,399 EGP/cluster"
206,805,Twin,132.0,Downtown Branch,2.0,1979.23,10.0,1,"1st (VIP) - 4,399 EGP/cluster"
207,681,Family,51.0,Aswan View Branch,2.0,1068.73,8.0,1,"1st (VIP) - 4,399 EGP/cluster"
210,519,Double,193.0,Aswan View Branch,1.0,663.88,3.0,1,"1st (VIP) - 4,399 EGP/cluster"
211,918,Twin,305.0,Downtown Branch,0.0,0.0,0.0,0,"3rd (Popular) - 2,236 EGP/cluster"
213,635,Twin,233.0,Downtown Branch,2.0,5044.29,9.0,1,"1st (VIP) - 4,399 EGP/cluster"
214,707,Single,80.0,Downtown Branch,1.0,1066.66,13.0,1,"1st (VIP) - 4,399 EGP/cluster"
216,427,Family,196.0,Aswan View Branch,1.0,1788.04,10.0,1,"1st (VIP) - 4,399 EGP/cluster"
217,488,Twin,170.0,Aswan View Branch,0.0,0.0,0.0,0,"3rd (Popular) - 2,236 EGP/cluster"
220,881,Deluxe,224.0,Aswan View Branch,1.0,1187.52,6.0,2,"2nd (Premium) - 2,396 EGP/cluster"
221,115,Single,203.0,Mansoura Center Branch,2.0,1670.48,4.5,1,"1st (VIP) - 4,399 EGP/cluster"
224,186,Family,324.0,Aswan View Branch,1.0,2564.04,6.0,1,"1st (VIP) - 4,399 EGP/cluster"
233,734,Family,168.0,Luxor Nile Branch,0.0,0.0,0.0,0,"3rd (Popular) - 2,236 EGP/cluster"
235,638,Twin,141.0,Aswan View Branch,1.0,1712.32,13.0,1,"1st (VIP) - 4,399 EGP/cluster"
237,370,Single,218.0,Luxor Nile Branch,1.0,2059.26,8.0,1,"1st (VIP) - 4,399 EGP/cluster"
246,767,Double,295.0,Mansoura Center Branch,0.0,0.0,0.0,0,"3rd (Popular) - 2,236 EGP/cluster"
247,511,Single,105.0,Mansoura Center Branch,1.0,1933.62,14.0,1,"1st (VIP) - 4,399 EGP/cluster"
248,351,Single,309.0,Luxor Nile Branch,1.0,1972.96,5.0,1,"1st (VIP) - 4,399 EGP/cluster"
253,574,Family,102.0,Aswan View Branch,1.0,1566.31,13.0,1,"1st (VIP) - 4,399 EGP/cluster"
254,890,Twin,166.0,Mansoura Center Branch,0.0,0.0,0.0,0,"3rd (Popular) - 2,236 EGP/cluster"
255,335,Deluxe,266.0,Luxor Nile Branch,1.0,2713.87,10.0,2,"2nd (Premium) - 2,396 EGP/cluster"
259,524,Deluxe,193.0,Aswan View Branch,1.0,1374.1,6.0,2,"2nd (Premium) - 2,396 EGP/cluster"
260,553,Twin,324.0,Downtown Branch,0.0,0.0,0.0,0,"3rd (Popular) - 2,236 EGP/cluster"
262,693,Double,174.0,Aswan View Branch,1.0,3064.42,14.0,1,"1st (VIP) - 4,399 EGP/cluster"
263,376,Twin,255.0,Luxor Nile Branch,1.0,498.46,2.0,1,"1st (VIP) - 4,399 EGP/cluster"
264,609,Family,258.0,Aswan View Branch,0.0,0.0,0.0,0,"3rd (Popular) - 2,236 EGP/cluster"
270,745,Family,178.0,Mansoura Center Branch,2.0,3247.62,7.5,1,"1st (VIP) - 4,399 EGP/cluster"
272,326,Double,201.0,Mansoura Center Branch,1.0,2433.63,10.0,1,"1st (VIP) - 4,399 EGP/cluster"
273,841,Twin,177.0,Luxor Nile Branch,1.0,1903.09,8.0,1,"1st (VIP) - 4,399 EGP/cluster"
274,368,Deluxe,134.0,Mansoura Center Branch,1.0,1693.56,10.0,2,"2nd (Premium) - 2,396 EGP/cluster"
275,844,Single,161.0,Luxor Nile Branch,1.0,447.26,3.0,1,"1st (VIP) - 4,399 EGP/cluster"
276,336,Double,217.0,Mansoura Center Branch,0.0,0.0,0.0,0,"3rd (Popular) - 2,236 EGP/cluster"
277,882,Deluxe,298.0,Downtown Branch,1.0,1632.15,6.0,2,"2nd (Premium) - 2,396 EGP/cluster"
278,983,Suite,311.0,Downtown Branch,1.0,2013.07,6.0,2,"2nd (Premium) - 2,396 EGP/cluster"
280,151,Family,170.0,Mansoura Center Branch,0.0,0.0,0.0,0,"3rd (Popular) - 2,236 EGP/cluster"
283,244,Double,147.0,Downtown Branch,2.0,1294.79,3.5,1,"1st (VIP) - 4,399 EGP/cluster"
284,752,Twin,256.0,Aswan View Branch,0.0,0.0,0.0,0,"3rd (Popular) - 2,236 EGP/cluster"
288,886,Family,179.0,Mansoura Center Branch,1.0,1611.15,10.0,1,"1st (VIP) - 4,399 EGP/cluster"
290,452,Suite,280.0,Aswan View Branch,1.0,1196.8,4.0,2,"2nd (Premium) - 2,396 EGP/cluster"
291,754,Twin,278.0,Aswan View Branch,0.0,0.0,0.0,0,"3rd (Popular) - 2,236 EGP/cluster"
292,116,Twin,308.0,Aswan View Branch,1.0,1605.43,4.0,1,"1st (VIP) - 4,399 EGP/cluster"
296,328,Single,180.0,Aswan View Branch,0.0,0.0,0.0,0,"3rd (Popular) - 2,236 EGP/cluster"
297,222,Single,232.0,Luxor Nile Branch,0.0,0.0,0.0,0,"3rd (Popular) - 2,236 EGP/cluster"
303,864,Double,93.0,Mansoura Center Branch,2.0,1827.69,8.5,1,"1st (VIP) - 4,399 EGP/cluster"
304,999,Family,274.0,Aswan View Branch,1.0,3572.83,10.0,1,"1st (VIP) - 4,399 EGP/cluster"
306,662,Suite,193.0,Aswan View Branch,2.0,4069.72,9.5,2,"2nd (Premium) - 2,396 EGP/cluster"
307,843,Twin,151.0,Downtown Branch,2.0,3234.91,9.0,1,"1st (VIP) - 4,399 EGP/cluster"
309,433,Double,215.0,Mansoura Center Branch,1.0,1247.35,5.0,1,"1st (VIP) - 4,399 EGP/cluster"
313,613,Suite,214.0,Aswan View Branch,1.0,2200.76,10.0,2,"2nd (Premium) - 2,396 EGP/cluster"
319,352,Family,205.0,Aswan View Branch,0.0,0.0,0.0,0,"3rd (Popular) - 2,236 EGP/cluster"
321,668,Twin,198.0,Aswan View Branch,0.0,0.0,0.0,0,"3rd (Popular) - 2,236 EGP/cluster"
323,797,Deluxe,181.0,Luxor Nile Branch,1.0,1978.64,10.0,2,"2nd (Premium) - 2,396 EGP/cluster"
326,904,Double,251.0,Aswan View Branch,1.0,2175.87,7.0,1,"1st (VIP) - 4,399 EGP/cluster"
328,593,Family,102.0,Downtown Branch,1.0,690.37,7.0,1,"1st (VIP) - 4,399 EGP/cluster"
330,507,Family,338.0,Mansoura Center Branch,2.0,2916.7200000000003,4.5,1,"1st (VIP) - 4,399 EGP/cluster"
331,472,Family,54.0,Mansoura Center Branch,1.0,558.25,9.0,1,"1st (VIP) - 4,399 EGP/cluster"
332,342,Single,232.0,Luxor Nile Branch,2.0,2473.7999999999997,5.0,1,"1st (VIP) - 4,399 EGP/cluster"
334,519,Twin,277.0,Luxor Nile Branch,2.0,5550.4400000000005,8.5,1,"1st (VIP) - 4,399 EGP/cluster"
335,363,Family,271.0,Luxor Nile Branch,1.0,1410.19,6.0,1,"1st (VIP) - 4,399 EGP/cluster"
337,757,Family,234.0,Aswan View Branch,2.0,5507.26,10.0,1,"1st (VIP) - 4,399 EGP/cluster"
339,735,Single,195.0,Aswan View Branch,2.0,3531.34,9.5,1,"1st (VIP) - 4,399 EGP/cluster"
341,188,Double,247.0,Luxor Nile Branch,1.0,765.99,3.0,1,"1st (VIP) - 4,399 EGP/cluster"
343,695,Family,168.0,Aswan View Branch,1.0,2061.11,12.0,1,"1st (VIP) - 4,399 EGP/cluster"
345,227,Twin,98.0,Downtown Branch,1.0,925.51,8.0,1,"1st (VIP) - 4,399 EGP/cluster"
346,327,Single,181.0,Aswan View Branch,0.0,0.0,0.0,0,"3rd (Popular) - 2,236 EGP/cluster"
349,322,Family,142.0,Mansoura Center Branch,0.0,0.0,0.0,0,"3rd (Popular) - 2,236 EGP/cluster"
350,759,Suite,260.0,Mansoura Center Branch,2.0,2847.66,9.5,2,"2nd (Premium) - 2,396 EGP/cluster"
353,556,Single,269.0,Aswan View Branch,1.0,3014.12,9.0,1,"1st (VIP) - 4,399 EGP/cluster"
356,258,Twin,301.0,Mansoura Center Branch,1.0,927.84,3.0,1,"1st (VIP) - 4,399 EGP/cluster"
363,660,Deluxe,166.0,Mansoura Center Branch,1.0,1255.45,6.0,2,"2nd (Premium) - 2,396 EGP/cluster"
364,556,Family,76.0,Mansoura Center Branch,2.0,1767.08,10.0,1,"1st (VIP) - 4,399 EGP/cluster"
366,424,Deluxe,210.0,Aswan View Branch,2.0,2869.8,6.0,2,"2nd (Premium) - 2,396 EGP/cluster"
367,922,Family,214.0,Downtown Branch,1.0,1913.04,10.0,1,"1st (VIP) - 4,399 EGP/cluster"
368,349,Double,156.0,Aswan View Branch,2.0,3782.1099999999997,11.0,1,"1st (VIP) - 4,399 EGP/cluster"
377,206,Double,189.0,Mansoura Center Branch,0.0,0.0,0.0,0,"3rd (Popular) - 2,236 EGP/cluster"
378,945,Single,281.0,Mansoura Center Branch,2.0,4671.77,6.5,1,"1st (VIP) - 4,399 EGP/cluster"
380,450,Single,300.0,Aswan View Branch,0.0,0.0,0.0,0,"3rd (Popular) - 2,236 EGP/cluster"
382,188,Family,121.0,Mansoura Center Branch,1.0,717.78,6.0,1,"1st (VIP) - 4,399 EGP/cluster"
383,716,Family,96.0,Downtown Branch,2.0,2705.48,11.0,1,"1st (VIP) - 4,399 EGP/cluster"
386,923,Double,171.0,Luxor Nile Branch,1.0,2303.72,13.0,1,"1st (VIP) - 4,399 EGP/cluster"
387,394,Double,142.0,Mansoura Center Branch,0.0,0.0,0.0,0,"3rd (Popular) - 2,236 EGP/cluster"
389,601,Suite,169.0,Mansoura Center Branch,2.0,2112.16,7.0,2,"2nd (Premium) - 2,396 EGP/cluster"
390,714,Family,58.0,Downtown Branch,2.0,1166.0,8.5,1,"1st (VIP) - 4,399 EGP/cluster"
391,503,Double,243.0,Luxor Nile Branch,2.0,3549.58,8.0,1,"1st (VIP) - 4,399 EGP/cluster"
392,366,Double,102.0,Luxor Nile Branch,2.0,1988.84,9.5,1,"1st (VIP) - 4,399 EGP/cluster"
394,126,Double,186.0,Downtown Branch,2.0,1548.83,4.0,1,"1st (VIP) - 4,399 EGP/cluster"
396,988,Single,266.0,Luxor Nile Branch,0.0,0.0,0.0,0,"3rd (Popular) - 2,236 EGP/cluster"
397,882,Twin,208.0,Aswan View Branch,0.0,0.0,0.0,0,"3rd (Popular) - 2,236 EGP/cluster"
401,199,Family,287.0,Luxor Nile Branch,2.0,4232.32,6.0,1,"1st (VIP) - 4,399 EGP/cluster"
403,839,Twin,185.0,Aswan View Branch,1.0,1638.66,10.0,1,"1st (VIP) - 4,399 EGP/cluster"
407,224,Suite,239.0,Mansoura Center Branch,1.0,1442.25,6.0,2,"2nd (Premium) - 2,396 EGP/cluster"
408,483,Twin,247.0,Aswan View Branch,1.0,1476.39,5.0,1,"1st (VIP) - 4,399 EGP/cluster"
410,730,Family,270.0,Mansoura Center Branch,1.0,1379.95,5.0,1,"1st (VIP) - 4,399 EGP/cluster"
411,146,Twin,347.0,Mansoura Center Branch,1.0,2017.97,6.0,1,"1st (VIP) - 4,399 EGP/cluster"
413,806,Family,122.0,Downtown Branch,1.0,735.73,6.0,1,"1st (VIP) - 4,399 EGP/cluster"
415,179,Family,323.0,Luxor Nile Branch,1.0,1936.51,5.0,1,"1st (VIP) - 4,399 EGP/cluster"
419,571,Double,341.0,Downtown Branch,1.0,3617.85,12.0,1,"1st (VIP) - 4,399 EGP/cluster"
420,409,Single,178.0,Aswan View Branch,0.0,0.0,0.0,0,"3rd (Popular) - 2,236 EGP/cluster"
421,762,Twin,256.0,Downtown Branch,0.0,0.0,0.0,0,"3rd (Popular) - 2,236 EGP/cluster"
422,765,Twin,82.0,Aswan View Branch,1.0,698.93,9.0,1,"1st (VIP) - 4,399 EGP/cluster"
423,607,Double,161.0,Aswan View Branch,1.0,2128.58,14.0,1,"1st (VIP) - 4,399 EGP/cluster"
424,891,Twin,115.0,Aswan View Branch,2.0,2117.49,8.0,1,"1st (VIP) - 4,399 EGP/cluster"
425,664,Family,261.0,Mansoura Center Branch,1.0,634.78,2.0,1,"1st (VIP) - 4,399 EGP/cluster"
426,888,Family,225.0,Aswan View Branch,1.0,613.9,3.0,1,"1st (VIP) - 4,399 EGP/cluster"
427,662,Family,297.0,Aswan View Branch,2.0,6955.68,11.0,1,"1st (VIP) - 4,399 EGP/cluster"
429,797,Family,257.0,Downtown Branch,1.0,851.28,3.0,1,"1st (VIP) - 4,399 EGP/cluster"
432,737,Double,80.0,Luxor Nile Branch,1.0,296.8,4.0,1,"1st (VIP) - 4,399 EGP/cluster"
434,220,Single,58.0,Mansoura Center Branch,2.0,828.5699999999999,7.5,1,"1st (VIP) - 4,399 EGP/cluster"
435,160,Suite,161.0,Aswan View Branch,1.0,1708.76,8.0,2,"2nd (Premium) - 2,396 EGP/cluster"
436,551,Suite,190.0,Aswan View Branch,1.0,912.96,4.0,2,"2nd (Premium) - 2,396 EGP/cluster"
437,630,Family,223.0,Aswan View Branch,0.0,0.0,0.0,0,"3rd (Popular) - 2,236 EGP/cluster"
438,834,Single,288.0,Mansoura Center Branch,0.0,0.0,0.0,0,"3rd (Popular) - 2,236 EGP/cluster"
439,618,Twin,98.0,Aswan View Branch,1.0,1081.33,11.0,1,"1st (VIP) - 4,399 EGP/cluster"
446,194,Family,272.0,Mansoura Center Branch,0.0,0.0,0.0,0,"3rd (Popular) - 2,236 EGP/cluster"
452,398,Family,276.0,Downtown Branch,1.0,2148.55,6.0,1,"1st (VIP) - 4,399 EGP/cluster"
457,915,Double,216.0,Mansoura Center Branch,1.0,2352.46,10.0,1,"1st (VIP) - 4,399 EGP/cluster"
458,757,Twin,273.0,Mansoura Center Branch,0.0,0.0,0.0,0,"3rd (Popular) - 2,236 EGP/cluster"
459,181,Twin,242.0,Mansoura Center Branch,1.0,3293.71,14.0,1,"1st (VIP) - 4,399 EGP/cluster"
461,303,Family,307.0,Downtown Branch,0.0,0.0,0.0,0,"3rd (Popular) - 2,236 EGP/cluster"
463,162,Suite,265.0,Mansoura Center Branch,1.0,1568.95,5.0,2,"2nd (Premium) - 2,396 EGP/cluster"
465,189,Family,222.0,Aswan View Branch,1.0,1445.97,6.0,1,"1st (VIP) - 4,399 EGP/cluster"
466,395,Single,268.0,Mansoura Center Branch,0.0,0.0,0.0,0,"3rd (Popular) - 2,236 EGP/cluster"
469,307,Family,274.0,Mansoura Center Branch,0.0,0.0,0.0,0,"3rd (Popular) - 2,236 EGP/cluster"
474,242,Twin,154.0,Luxor Nile Branch,1.0,2244.23,13.0,1,"1st (VIP) - 4,399 EGP/cluster"
475,714,Family,206.0,Aswan View Branch,2.0,2025.09,4.0,1,"1st (VIP) - 4,399 EGP/cluster"
476,652,Twin,283.0,Downtown Branch,1.0,493.33,2.0,1,"1st (VIP) - 4,399 EGP/cluster"
477,847,Single,215.0,Mansoura Center Branch,0.0,0.0,0.0,0,"3rd (Popular) - 2,236 EGP/cluster"
478,300,Twin,288.0,Luxor Nile Branch,0.0,0.0,0.0,0,"3rd (Popular) - 2,236 EGP/cluster"
483,998,Single,194.0,Mansoura Center Branch,1.0,2373.34,13.0,1,"1st (VIP) - 4,399 EGP/cluster"
486,666,Double,263.0,Aswan View Branch,0.0,0.0,0.0,0,"3rd (Popular) - 2,236 EGP/cluster"
487,630,Twin,146.0,Mansoura Center Branch,0.0,0.0,0.0,0,"3rd (Popular) - 2,236 EGP/cluster"
492,466,Single,259.0,Aswan View Branch,1.0,1273.42,4.0,1,"1st (VIP) - 4,399 EGP/cluster"
501,240,Twin,284.0,Downtown Branch,2.0,4492.24,8.0,1,"1st (VIP) - 4,399 EGP/cluster"
502,396,Single,176.0,Aswan View Branch,0.0,0.0,0.0,0,"3rd (Popular) - 2,236 EGP/cluster"
504,765,Deluxe,243.0,Luxor Nile Branch,1.0,1416.22,6.0,2,"2nd (Premium) - 2,396 EGP/cluster"
506,398,Double,213.0,Aswan View Branch,0.0,0.0,0.0,0,"3rd (Popular) - 2,236 EGP/cluster"
507,859,Family,219.0,Mansoura Center Branch,0.0,0.0,0.0,0,"3rd (Popular) - 2,236 EGP/cluster"
510,532,Suite,242.0,Aswan View Branch,1.0,2173.58,7.0,2,"2nd (Premium) - 2,396 EGP/cluster"
513,608,Single,291.0,Mansoura Center Branch,1.0,2240.12,9.0,1,"1st (VIP) - 4,399 EGP/cluster"
514,496,Single,312.0,Aswan View Branch,1.0,3615.74,13.0,1,"1st (VIP) - 4,399 EGP/cluster"
516,328,Double,239.0,Mansoura Center Branch,0.0,0.0,0.0,0,"3rd (Popular) - 2,236 EGP/cluster"
519,264,Twin,144.0,Mansoura Center Branch,1.0,1794.42,12.0,1,"1st (VIP) - 4,399 EGP/cluster"
520,790,Single,335.0,Downtown Branch,2.0,3628.99,9.5,1,"1st (VIP) - 4,399 EGP/cluster"
522,166,Single,348.0,Aswan View Branch,1.0,2852.21,8.0,1,"1st (VIP) - 4,399 EGP/cluster"
523,753,Twin,227.0,Luxor Nile Branch,1.0,392.22,2.0,1,"1st (VIP) - 4,399 EGP/cluster"
527,854,Family,302.0,Aswan View Branch,0.0,0.0,0.0,0,"3rd (Popular) - 2,236 EGP/cluster"
528,806,Deluxe,204.0,Aswan View Branch,1.0,1050.41,4.0,2,"2nd (Premium) - 2,396 EGP/cluster"
529,509,Family,298.0,Luxor Nile Branch,1.0,4183.61,12.0,1,"1st (VIP) - 4,399 EGP/cluster"
531,636,Twin,144.0,Luxor Nile Branch,0.0,0.0,0.0,0,"3rd (Popular) - 2,236 EGP/cluster"
532,203,Deluxe,152.0,Downtown Branch,1.0,1970.64,10.0,2,"2nd (Premium) - 2,396 EGP/cluster"
535,278,Single,219.0,Downtown Branch,2.0,3899.84,7.0,1,"1st (VIP) - 4,399 EGP/cluster"
536,368,Double,170.0,Aswan View Branch,1.0,2047.03,11.0,1,"1st (VIP) - 4,399 EGP/cluster"
537,575,Family,188.0,Downtown Branch,0.0,0.0,0.0,0,"3rd (Popular) - 2,236 EGP/cluster"
543,877,Double,154.0,Aswan View Branch,0.0,0.0,0.0,0,"3rd (Popular) - 2,236 EGP/cluster"
546,540,Double,242.0,Luxor Nile Branch,1.0,1408.63,6.0,1,"1st (VIP) - 4,399 EGP/cluster"
547,501,Twin,282.0,Mansoura Center Branch,0.0,0.0,0.0,0,"3rd (Popular) - 2,236 EGP/cluster"
549,240,Twin,214.0,Mansoura Center Branch,0.0,0.0,0.0,0,"3rd (Popular) - 2,236 EGP/cluster"
553,441,Twin,253.0,Mansoura Center Branch,2.0,1618.5300000000002,3.0,1,"1st (VIP) - 4,399 EGP/cluster"
554,379,Single,67.0,Mansoura Center Branch,2.0,1489.43,10.0,1,"1st (VIP) - 4,399 EGP/cluster"
555,145,Suite,159.0,Aswan View Branch,1.0,1141.3,8.0,2,"2nd (Premium) - 2,396 EGP/cluster"
556,406,Twin,214.0,Mansoura Center Branch,1.0,3366.89,14.0,1,"1st (VIP) - 4,399 EGP/cluster"
558,103,Double,187.0,Downtown Branch,2.0,3085.92,7.0,1,"1st (VIP) - 4,399 EGP/cluster"
560,810,Deluxe,138.0,Mansoura Center Branch,1.0,1916.88,11.0,2,"2nd (Premium) - 2,396 EGP/cluster"
561,595,Double,281.0,Downtown Branch,0.0,0.0,0.0,0,"3rd (Popular) - 2,236 EGP/cluster"
562,406,Single,340.0,Aswan View Branch,1.0,3038.94,8.0,1,"1st (VIP) - 4,399 EGP/cluster"
563,961,Twin,343.0,Downtown Branch,2.0,4227.68,6.0,1,"1st (VIP) - 4,399 EGP/cluster"
565,562,Twin,275.0,Downtown Branch,0.0,0.0,0.0,0,"3rd (Popular) - 2,236 EGP/cluster"
566,391,Family,138.0,Aswan View Branch,2.0,3171.64,10.5,1,"1st (VIP) - 4,399 EGP/cluster"
570,225,Double,260.0,Downtown Branch,0.0,0.0,0.0,0,"3rd (Popular) - 2,236 EGP/cluster"
571,724,Single,153.0,Aswan View Branch,1.0,917.54,7.0,1,"1st (VIP) - 4,399 EGP/cluster"
575,670,Single,77.0,Aswan View Branch,1.0,809.13,10.0,1,"1st (VIP) - 4,399 EGP/cluster"
580,514,Twin,196.0,Mansoura Center Branch,0.0,0.0,0.0,0,"3rd (Popular) - 2,236 EGP/cluster"
583,278,Twin,83.0,Mansoura Center Branch,2.0,2190.68,11.0,1,"1st (VIP) - 4,399 EGP/cluster"
584,847,Family,315.0,Mansoura Center Branch,1.0,3095.68,11.0,1,"1st (VIP) - 4,399 EGP/cluster"
585,103,Twin,103.0,Luxor Nile Branch,1.0,1339.22,12.0,1,"1st (VIP) - 4,399 EGP/cluster"
591,996,Single,207.0,Luxor Nile Branch,1.0,798.43,4.0,1,"1st (VIP) - 4,399 EGP/cluster"
593,768,Family,171.0,Mansoura Center Branch,0.0,0.0,0.0,0,"3rd (Popular) - 2,236 EGP/cluster"
594,139,Double,156.0,Mansoura Center Branch,1.0,475.31,3.0,1,"1st (VIP) - 4,399 EGP/cluster"
596,999,Single,262.0,Mansoura Center Branch,2.0,6895.34,12.0,1,"1st (VIP) - 4,399 EGP/cluster"
597,303,Double,149.0,Mansoura Center Branch,2.0,2563.94,6.5,1,"1st (VIP) - 4,399 EGP/cluster"
599,517,Double,338.0,Mansoura Center Branch,1.0,1363.07,4.0,1,"1st (VIP) - 4,399 EGP/cluster"
600,610,Single,301.0,Mansoura Center Branch,0.0,0.0,0.0,0,"3rd (Popular) - 2,236 EGP/cluster"
604,969,Double,246.0,Luxor Nile Branch,1.0,2949.14,9.0,1,"1st (VIP) - 4,399 EGP/cluster"
607,271,Twin,321.0,Downtown Branch,0.0,0.0,0.0,0,"3rd (Popular) - 2,236 EGP/cluster"
608,877,Double,338.0,Downtown Branch,2.0,4996.32,7.5,1,"1st (VIP) - 4,399 EGP/cluster"
610,563,Family,59.0,Luxor Nile Branch,2.0,1013.9200000000001,8.0,1,"1st (VIP) - 4,399 EGP/cluster"
613,121,Double,140.0,Aswan View Branch,1.0,1867.6,10.0,1,"1st (VIP) - 4,399 EGP/cluster"
614,370,Single,64.0,Aswan View Branch,1.0,871.08,11.0,1,"1st (VIP) - 4,399 EGP/cluster"
616,660,Family,259.0,Aswan View Branch,2.0,2423.0699999999997,5.0,1,"1st (VIP) - 4,399 EGP/cluster"
617,719,Single,302.0,Aswan View Branch,2.0,6810.389999999999,12.0,1,"1st (VIP) - 4,399 EGP/cluster"
618,786,Single,76.0,Aswan View Branch,1.0,520.06,8.0,1,"1st (VIP) - 4,399 EGP/cluster"
619,287,Family,347.0,Mansoura Center Branch,1.0,2548.2,7.0,1,"1st (VIP) - 4,399 EGP/cluster"
620,298,Double,188.0,Downtown Branch,2.0,4044.2,11.0,1,"1st (VIP) - 4,399 EGP/cluster"
622,899,Twin,231.0,Aswan View Branch,1.0,488.48,2.0,1,"1st (VIP) - 4,399 EGP/cluster"
623,562,Single,242.0,Aswan View Branch,2.0,3055.79,5.0,1,"1st (VIP) - 4,399 EGP/cluster"
631,703,Double,311.0,Luxor Nile Branch,1.0,4614.06,12.0,1,"1st (VIP) - 4,399 EGP/cluster"
634,629,Twin,239.0,Mansoura Center Branch,0.0,0.0,0.0,0,"3rd (Popular) - 2,236 EGP/cluster"
636,637,Twin,229.0,Mansoura Center Branch,2.0,2630.68,5.5,1,"1st (VIP) - 4,399 EGP/cluster"
637,351,Twin,231.0,Aswan View Branch,1.0,3382.42,12.0,1,"1st (VIP) - 4,399 EGP/cluster"
639,280,Double,190.0,Luxor Nile Branch,0.0,0.0,0.0,0,"3rd (Popular) - 2,236 EGP/cluster"
640,324,Twin,227.0,Mansoura Center Branch,0.0,0.0,0.0,0,"3rd (Popular) - 2,236 EGP/cluster"
646,898,Family,317.0,Aswan View Branch,0.0,0.0,0.0,0,"3rd (Popular) - 2,236 EGP/cluster"
647,109,Twin,282.0,Downtown Branch,0.0,0.0,0.0,0,"3rd (Popular) - 2,236 EGP/cluster"
652,729,Family,204.0,Downtown Branch,1.0,1982.71,9.0,1,"1st (VIP) - 4,399 EGP/cluster"
653,166,Family,183.0,Aswan View Branch,1.0,2660.67,13.0,1,"1st (VIP) - 4,399 EGP/cluster"
654,654,Twin,140.0,Downtown Branch,1.0,1411.58,10.0,1,"1st (VIP) - 4,399 EGP/cluster"
655,216,Double,257.0,Aswan View Branch,1.0,2826.3,9.0,1,"1st (VIP) - 4,399 EGP/cluster"
658,337,Family,60.0,Aswan View Branch,2.0,1037.1100000000001,9.5,1,"1st (VIP) - 4,399 EGP/cluster"
659,355,Family,173.0,Aswan View Branch,0.0,0.0,0.0,0,"3rd (Popular) - 2,236 EGP/cluster"
660,438,Double,232.0,Mansoura Center Branch,1.0,3071.48,14.0,1,"1st (VIP) - 4,399 EGP/cluster"
661,568,Single,333.0,Mansoura Center Branch,1.0,865.91,3.0,1,"1st (VIP) - 4,399 EGP/cluster"
663,127,Single,228.0,Luxor Nile Branch,1.0,1246.09,6.0,1,"1st (VIP) - 4,399 EGP/cluster"
664,752,Double,169.0,Downtown Branch,1.0,1672.83,10.0,1,"1st (VIP) - 4,399 EGP/cluster"
666,863,Double,306.0,Downtown Branch,1.0,3233.47,12.0,1,"1st (VIP) - 4,399 EGP/cluster"
675,263,Single,286.0,Downtown Branch,2.0,4348.93,7.5,1,"1st (VIP) - 4,399 EGP/cluster"
682,205,Double,265.0,Aswan View Branch,1.0,3469.95,14.0,1,"1st (VIP) - 4,399 EGP/cluster"
684,829,Family,270.0,Luxor Nile Branch,0.0,0.0,0.0,0,"3rd (Popular) - 2,236 EGP/cluster"
685,299,Double,235.0,Mansoura Center Branch,1.0,2082.32,9.0,1,"1st (VIP) - 4,399 EGP/cluster"
686,854,Single,212.0,Mansoura Center Branch,0.0,0.0,0.0,0,"3rd (Popular) - 2,236 EGP/cluster"
689,556,Single,295.0,Aswan View Branch,0.0,0.0,0.0,0,"3rd (Popular) - 2,236 EGP/cluster"
692,376,Twin,141.0,Aswan View Branch,2.0,726.28,3.5,1,"1st (VIP) - 4,399 EGP/cluster"
693,883,Family,314.0,Aswan View Branch,1.0,1076.82,4.0,1,"1st (VIP) - 4,399 EGP/cluster"
700,401,Single,240.0,Downtown Branch,2.0,4685.74,8.5,1,"1st (VIP) - 4,399 EGP/cluster"
701,487,Family,82.0,Aswan View Branch,1.0,494.04,7.0,1,"1st (VIP) - 4,399 EGP/cluster"
702,704,Twin,343.0,Aswan View Branch,2.0,2696.02,4.5,1,"1st (VIP) - 4,399 EGP/cluster"
703,536,Suite,135.0,Mansoura Center Branch,1.0,820.83,6.0,2,"2nd (Premium) - 2,396 EGP/cluster"
705,275,Family,306.0,Aswan View Branch,2.0,6798.780000000001,9.0,1,"1st (VIP) - 4,399 EGP/cluster"
706,389,Family,174.0,Aswan View Branch,1.0,1578.54,10.0,1,"1st (VIP) - 4,399 EGP/cluster"
717,591,Family,238.0,Downtown Branch,0.0,0.0,0.0,0,"3rd (Popular) - 2,236 EGP/cluster"
719,102,Single,325.0,Mansoura Center Branch,0.0,0.0,0.0,0,"3rd (Popular) - 2,236 EGP/cluster"
720,914,Single,280.0,Mansoura Center Branch,2.0,3712.73,6.5,1,"1st (VIP) - 4,399 EGP/cluster"
721,913,Deluxe,249.0,Luxor Nile Branch,1.0,1266.55,5.0,2,"2nd (Premium) - 2,396 EGP/cluster"
723,662,Twin,114.0,Aswan View Branch,2.0,2862.55,13.0,1,"1st (VIP) - 4,399 EGP/cluster"
725,543,Single,124.0,Downtown Branch,1.0,1134.39,7.0,1,"1st (VIP) - 4,399 EGP/cluster"
726,631,Family,243.0,Aswan View Branch,1.0,3298.32,11.0,1,"1st (VIP) - 4,399 EGP/cluster"
727,264,Family,159.0,Luxor Nile Branch,0.0,0.0,0.0,0,"3rd (Popular) - 2,236 EGP/cluster"
728,169,Deluxe,130.0,Aswan View Branch,1.0,771.86,5.0,2,"2nd (Premium) - 2,396 EGP/cluster"
729,767,Family,169.0,Mansoura Center Branch,0.0,0.0,0.0,0,"3rd (Popular) - 2,236 EGP/cluster"
731,450,Single,190.0,Mansoura Center Branch,0.0,0.0,0.0,0,"3rd (Popular) - 2,236 EGP/cluster"
735,545,Double,182.0,Mansoura Center Branch,1.0,367.38,2.0,1,"1st (VIP) - 4,399 EGP/cluster"
741,516,Single,196.0,Mansoura Center Branch,0.0,0.0,0.0,0,"3rd (Popular) - 2,236 EGP/cluster"
742,133,Double,271.0,Aswan View Branch,1.0,3540.57,14.0,1,"1st (VIP) - 4,399 EGP/cluster"
743,431,Single,142.0,Luxor Nile Branch,2.0,1834.79,6.5,1,"1st (VIP) - 4,399 EGP/cluster"
744,994,Family,263.0,Luxor Nile Branch,0.0,0.0,0.0,0,"3rd (Popular) - 2,236 EGP/cluster"
746,808,Double,212.0,Aswan View Branch,1.0,3381.27,14.0,1,"1st (VIP) - 4,399 EGP/cluster"
747,837,Single,338.0,Luxor Nile Branch,1.0,4880.27,11.0,1,"1st (VIP) - 4,399 EGP/cluster"
749,736,Twin,161.0,Downtown Branch,0.0,0.0,0.0,0,"3rd (Popular) - 2,236 EGP/cluster"
750,526,Twin,302.0,Mansoura Center Branch,0.0,0.0,0.0,0,"3rd (Popular) - 2,236 EGP/cluster"
752,942,Double,97.0,Mansoura Center Branch,1.0,1336.01,11.0,1,"1st (VIP) - 4,399 EGP/cluster"
756,204,Single,276.0,Aswan View Branch,0.0,0.0,0.0,0,"3rd (Popular) - 2,236 EGP/cluster"
765,256,Single,255.0,Aswan View Branch,0.0,0.0,0.0,0,"3rd (Popular) - 2,236 EGP/cluster"
769,714,Family,255.0,Mansoura Center Branch,0.0,0.0,0.0,0,"3rd (Popular) - 2,236 EGP/cluster"
770,817,Twin,219.0,Mansoura Center Branch,0.0,0.0,0.0,0,"3rd (Popular) - 2,236 EGP/cluster"
772,308,Single,191.0,Luxor Nile Branch,2.0,3972.91,9.0,1,"1st (VIP) - 4,399 EGP/cluster"
774,177,Suite,259.0,Downtown Branch,1.0,1127.14,5.0,2,"2nd (Premium) - 2,396 EGP/cluster"
778,276,Single,297.0,Mansoura Center Branch,1.0,1321.54,4.0,1,"1st (VIP) - 4,399 EGP/cluster"
780,270,Family,176.0,Aswan View Branch,2.0,3022.0699999999997,8.0,1,"1st (VIP) - 4,399 EGP/cluster"
782,848,Twin,274.0,Luxor Nile Branch,1.0,970.54,3.0,1,"1st (VIP) - 4,399 EGP/cluster"
783,622,Single,142.0,Downtown Branch,1.0,2217.69,13.0,1,"1st (VIP) - 4,399 EGP/cluster"
784,596,Twin,322.0,Aswan View Branch,2.0,5533.05,8.0,1,"1st (VIP) - 4,399 EGP/cluster"
786,534,Deluxe,252.0,Downtown Branch,1.0,1238.43,5.0,2,"2nd (Premium) - 2,396 EGP/cluster"
787,442,Family,319.0,Aswan View Branch,2.0,4789.64,7.5,1,"1st (VIP) - 4,399 EGP/cluster"
788,986,Single,117.0,Aswan View Branch,2.0,3302.6400000000003,11.5,1,"1st (VIP) - 4,399 EGP/cluster"
789,339,Twin,194.0,Downtown Branch,2.0,2688.02,7.0,1,"1st (VIP) - 4,399 EGP/cluster"
790,812,Family,320.0,Mansoura Center Branch,1.0,4725.81,13.0,1,"1st (VIP) - 4,399 EGP/cluster"
791,812,Twin,248.0,Mansoura Center Branch,2.0,5364.26,9.5,1,"1st (VIP) - 4,399 EGP/cluster"
797,373,Twin,131.0,Mansoura Center Branch,2.0,1448.15,8.5,1,"1st (VIP) - 4,399 EGP/cluster"
799,214,Double,311.0,Luxor Nile Branch,1.0,837.9,3.0,1,"1st (VIP) - 4,399 EGP/cluster"
800,619,Family,252.0,Aswan View Branch,2.0,3022.0,5.0,1,"1st (VIP) - 4,399 EGP/cluster"
806,645,Family,84.0,Luxor Nile Branch,1.0,516.32,5.0,1,"1st (VIP) - 4,399 EGP/cluster"
807,278,Double,261.0,Downtown Branch,2.0,4715.9,9.0,1,"1st (VIP) - 4,399 EGP/cluster"
817,686,Twin,322.0,Mansoura Center Branch,0.0,0.0,0.0,0,"3rd (Popular) - 2,236 EGP/cluster"
818,653,Double,191.0,Downtown Branch,0.0,0.0,0.0,0,"3rd (Popular) - 2,236 EGP/cluster"
819,377,Deluxe,285.0,Aswan View Branch,1.0,3330.61,10.0,2,"2nd (Premium) - 2,396 EGP/cluster"
820,708,Family,211.0,Mansoura Center Branch,0.0,0.0,0.0,0,"3rd (Popular) - 2,236 EGP/cluster"
822,544,Double,100.0,Aswan View Branch,1.0,1269.23,10.0,1,"1st (VIP) - 4,399 EGP/cluster"
826,952,Suite,190.0,Downtown Branch,1.0,1689.32,7.0,2,"2nd (Premium) - 2,396 EGP/cluster"
828,975,Twin,122.0,Aswan View Branch,2.0,2273.0,7.5,1,"1st (VIP) - 4,399 EGP/cluster"
831,205,Family,171.0,Mansoura Center Branch,0.0,0.0,0.0,0,"3rd (Popular) - 2,236 EGP/cluster"
833,635,Twin,318.0,Mansoura Center Branch,1.0,4606.39,12.0,1,"1st (VIP) - 4,399 EGP/cluster"
839,991,Family,212.0,Luxor Nile Branch,1.0,1233.34,5.0,1,"1st (VIP) - 4,399 EGP/cluster"
840,120,Family,107.0,Downtown Branch,2.0,3284.5699999999997,12.0,1,"1st (VIP) - 4,399 EGP/cluster"
841,576,Family,151.0,Aswan View Branch,1.0,1006.77,6.0,1,"1st (VIP) - 4,399 EGP/cluster"
845,145,Family,98.0,Luxor Nile Branch,1.0,966.03,9.0,1,"1st (VIP) - 4,399 EGP/cluster"
846,593,Single,257.0,Mansoura Center Branch,2.0,6227.34,12.5,1,"1st (VIP) - 4,399 EGP/cluster"
848,346,Twin,199.0,Mansoura Center Branch,1.0,1708.28,7.0,1,"1st (VIP) - 4,399 EGP/cluster"
852,672,Twin,175.0,Aswan View Branch,0.0,0.0,0.0,0,"3rd (Popular) - 2,236 EGP/cluster"
854,148,Twin,150.0,Aswan View Branch,0.0,0.0,0.0,0,"3rd (Popular) - 2,236 EGP/cluster"
855,357,Single,147.0,Mansoura Center Branch,1.0,1025.68,6.0,1,"1st (VIP) - 4,399 EGP/cluster"
856,448,Single,198.0,Mansoura Center Branch,1.0,530.82,3.0,1,"1st (VIP) - 4,399 EGP/cluster"
857,152,Suite,223.0,Aswan View Branch,1.0,1970.64,9.0,2,"2nd (Premium) - 2,396 EGP/cluster"
859,768,Double,257.0,Aswan View Branch,1.0,2238.71,8.0,1,"1st (VIP) - 4,399 EGP/cluster"
861,834,Twin,275.0,Aswan View Branch,0.0,0.0,0.0,0,"3rd (Popular) - 2,236 EGP/cluster"
862,958,Double,284.0,Aswan View Branch,0.0,0.0,0.0,0,"3rd (Popular) - 2,236 EGP/cluster"
863,120,Single,315.0,Mansoura Center Branch,0.0,0.0,0.0,0,"3rd (Popular) - 2,236 EGP/cluster"
864,257,Double,244.0,Luxor Nile Branch,1.0,2925.31,9.0,1,"1st (VIP) - 4,399 EGP/cluster"
865,270,Double,248.0,Luxor Nile Branch,0.0,0.0,0.0,0,"3rd (Popular) - 2,236 EGP/cluster"
866,394,Family,274.0,Mansoura Center Branch,0.0,0.0,0.0,0,"3rd (Popular) - 2,236 EGP/cluster"
868,905,Twin,160.0,Mansoura Center Branch,2.0,3090.82,8.0,1,"1st (VIP) - 4,399 EGP/cluster"
869,616,Single,88.0,Downtown Branch,2.0,1343.24,6.0,1,"1st (VIP) - 4,399 EGP/cluster"
871,233,Twin,134.0,Aswan View Branch,2.0,2872.45,9.5,1,"1st (VIP) - 4,399 EGP/cluster"
873,937,Family,178.0,Downtown Branch,1.0,1607.04,8.0,1,"1st (VIP) - 4,399 EGP/cluster"
874,400,Single,266.0,Aswan View Branch,1.0,2492.37,9.0,1,"1st (VIP) - 4,399 EGP/cluster"
876,178,Suite,275.0,Luxor Nile Branch,1.0,2170.75,8.0,2,"2nd (Premium) - 2,396 EGP/cluster"
877,593,Twin,242.0,Luxor Nile Branch,1.0,712.87,3.0,1,"1st (VIP) - 4,399 EGP/cluster"
878,259,Twin,267.0,Mansoura Center Branch,2.0,1253.45,6.5,1,"1st (VIP) - 4,399 EGP/cluster"
880,203,Single,173.0,Luxor Nile Branch,0.0,0.0,0.0,0,"3rd (Popular) - 2,236 EGP/cluster"
882,500,Family,228.0,Downtown Branch,1.0,1432.14,6.0,1,"1st (VIP) - 4,399 EGP/cluster"
883,709,Suite,264.0,Aswan View Branch,1.0,3498.01,10.0,2,"2nd (Premium) - 2,396 EGP/cluster"
884,141,Double,324.0,Aswan View Branch,0.0,0.0,0.0,0,"3rd (Popular) - 2,236 EGP/cluster"
885,176,Deluxe,124.0,Downtown Branch,1.0,943.3,7.0,2,"2nd (Premium) - 2,396 EGP/cluster"
886,679,Double,328.0,Mansoura Center Branch,1.0,4051.73,13.0,1,"1st (VIP) - 4,399 EGP/cluster"
889,381,Double,213.0,Aswan View Branch,1.0,812.06,3.0,1,"1st (VIP) - 4,399 EGP/cluster"
891,754,Family,146.0,Luxor Nile Branch,1.0,2505.64,14.0,1,"1st (VIP) - 4,399 EGP/cluster"
892,851,Twin,71.0,Mansoura Center Branch,2.0,927.39,5.5,1,"1st (VIP) - 4,399 EGP/cluster"
893,949,Single,231.0,Aswan View Branch,1.0,2593.38,9.0,1,"1st (VIP) - 4,399 EGP/cluster"
894,224,Twin,67.0,Aswan View Branch,2.0,1298.1100000000001,9.0,1,"1st (VIP) - 4,399 EGP/cluster"
895,313,Suite,173.0,Aswan View Branch,2.0,3501.2999999999997,9.5,2,"2nd (Premium) - 2,396 EGP/cluster"
897,503,Single,69.0,Mansoura Center Branch,1.0,350.28,4.0,1,"1st (VIP) - 4,399 EGP/cluster"
898,278,Single,161.0,Luxor Nile Branch,1.0,1739.72,11.0,1,"1st (VIP) - 4,399 EGP/cluster"
901,443,Single,80.0,Aswan View Branch,1.0,846.64,9.0,1,"1st (VIP) - 4,399 EGP/cluster"
902,680,Twin,293.0,Mansoura Center Branch,2.0,3326.2200000000003,4.5,1,"1st (VIP) - 4,399 EGP/cluster"
903,463,Family,233.0,Mansoura Center Branch,1.0,2363.67,8.0,1,"1st (VIP) - 4,399 EGP/cluster"
909,904,Twin,159.0,Downtown Branch,1.0,960.7,5.0,1,"1st (VIP) - 4,399 EGP/cluster"
913,458,Suite,315.0,Mansoura Center Branch,1.0,3008.39,10.0,2,"2nd (Premium) - 2,396 EGP/cluster"
914,187,Single,317.0,Aswan View Branch,0.0,0.0,0.0,0,"3rd (Popular) - 2,236 EGP/cluster"
915,120,Double,345.0,Aswan View Branch,1.0,1746.28,4.0,1,"1st (VIP) - 4,399 EGP/cluster"
916,152,Double,186.0,Aswan View Branch,0.0,0.0,0.0,0,"3rd (Popular) - 2,236 EGP/cluster"
917,249,Family,96.0,Aswan View Branch,1.0,437.99,5.0,1,"1st (VIP) - 4,399 EGP/cluster"
919,309,Family,152.0,Mansoura Center Branch,0.0,0.0,0.0,0,"3rd (Popular) - 2,236 EGP/cluster"
926,635,Family,145.0,Mansoura Center Branch,1.0,826.39,6.0,1,"1st (VIP) - 4,399 EGP/cluster"
928,465,Twin,302.0,Mansoura Center Branch,2.0,4409.24,6.5,1,"1st (VIP) - 4,399 EGP/cluster"
929,950,Deluxe,238.0,Aswan View Branch,1.0,1906.18,6.0,2,"2nd (Premium) - 2,396 EGP/cluster"
930,845,Double,175.0,Aswan View Branch,2.0,3186.84,7.5,1,"1st (VIP) - 4,399 EGP/cluster"
932,691,Twin,65.0,Luxor Nile Branch,2.0,1613.1999999999998,9.5,1,"1st (VIP) - 4,399 EGP/cluster"
933,418,Twin,322.0,Aswan View Branch,2.0,6552.45,11.0,1,"1st (VIP) - 4,399 EGP/cluster"
934,250,Family,156.0,Mansoura Center Branch,0.0,0.0,0.0,0,"3rd (Popular) - 2,236 EGP/cluster"
939,742,Family,297.0,Mansoura Center Branch,0.0,0.0,0.0,0,"3rd (Popular) - 2,236 EGP/cluster"
940,568,Single,239.0,Luxor Nile Branch,1.0,955.85,4.0,1,"1st (VIP) - 4,399 EGP/cluster"
941,466,Family,198.0,Aswan View Branch,1.0,1362.28,7.0,1,"1st (VIP) - 4,399 EGP/cluster"
943,872,Single,126.0,Downtown Branch,1.0,435.81,3.0,1,"1st (VIP) - 4,399 EGP/cluster"
947,758,Family,334.0,Mansoura Center Branch,1.0,4263.54,10.0,1,"1st (VIP) - 4,399 EGP/cluster"
949,117,Single,295.0,Mansoura Center Branch,0.0,0.0,0.0,0,"3rd (Popular) - 2,236 EGP/cluster"
951,982,Double,100.0,Mansoura Center Branch,1.0,869.59,9.0,1,"1st (VIP) - 4,399 EGP/cluster"
954,947,Deluxe,162.0,Aswan View Branch,1.0,740.14,5.0,2,"2nd (Premium) - 2,396 EGP/cluster"
958,506,Twin,131.0,Aswan View Branch,2.0,2004.52,7.5,1,"1st (VIP) - 4,399 EGP/cluster"
959,945,Family,281.0,Downtown Branch,0.0,0.0,0.0,0,"3rd (Popular) - 2,236 EGP/cluster"
960,234,Double,166.0,Mansoura Center Branch,2.0,3605.38,9.5,1,"1st (VIP) - 4,399 EGP/cluster"
962,836,Family,349.0,Luxor Nile Branch,2.0,2899.52,4.5,1,"1st (VIP) - 4,399 EGP/cluster"
965,458,Deluxe,180.0,Mansoura Center Branch,2.0,2467.74,7.0,2,"2nd (Premium) - 2,396 EGP/cluster"
969,806,Double,184.0,Aswan View Branch,2.0,4821.1,12.5,1,"1st (VIP) - 4,399 EGP/cluster"
972,860,Family,173.0,Mansoura Center Branch,1.0,614.4,3.0,1,"1st (VIP) - 4,399 EGP/cluster"
974,752,Family,296.0,Mansoura Center Branch,1.0,1461.45,5.0,1,"1st (VIP) - 4,399 EGP/cluster"
975,517,Twin,299.0,Mansoura Center Branch,0.0,0.0,0.0,0,"3rd (Popular) - 2,236 EGP/cluster"
976,348,Double,293.0,Aswan View Branch,2.0,4017.56,7.0,1,"1st (VIP) - 4,399 EGP/cluster"
982,583,Family,299.0,Aswan View Branch,2.0,1977.23,3.5,1,"1st (VIP) - 4,399 EGP/cluster"
984,680,Family,221.0,Aswan View Branch,1.0,3032.04,13.0,1,"1st (VIP) - 4,399 EGP/cluster"
985,441,Single,192.0,Mansoura Center Branch,0.0,0.0,0.0,0,"3rd (Popular) - 2,236 EGP/cluster"
986,514,Double,282.0,Downtown Branch,1.0,3480.9,11.0,1,"1st (VIP) - 4,399 EGP/cluster"
989,548,Double,151.0,Downtown Branch,0.0,0.0,0.0,0,"3rd (Popular) - 2,236 EGP/cluster"
991,583,Family,293.0,Aswan View Branch,0.0,0.0,0.0,0,"3rd (Popular) - 2,236 EGP/cluster"
994,899,Twin,180.0,Luxor Nile Branch,0.0,0.0,0.0,0,"3rd (Popular) - 2,236 EGP/cluster"
995,180,Twin,207.0,Mansoura Center Branch,1.0,1621.86,6.0,1,"1st (VIP) - 4,399 EGP/cluster"
996,584,Double,249.0,Mansoura Center Branch,1.0,2272.72,7.0,1,"1st (VIP) - 4,399 EGP/cluster"
1000,786,Single,287.0,Mansoura Center Branch,0.0,0.0,0.0,0,"3rd (Popular) - 2,236 EGP/cluster"
1004,532,Family,282.0,Aswan View Branch,0.0,0.0,0.0,0,"3rd (Popular) - 2,236 EGP/cluster"
1005,173,Double,67.0,Aswan View Branch,1.0,806.92,10.0,1,"1st (VIP) - 4,399 EGP/cluster"
1009,244,Double,176.0,Luxor Nile Branch,0.0,0.0,0.0,0,"3rd (Popular) - 2,236 EGP/cluster"
1010,516,Single,154.0,Mansoura Center Branch,0.0,0.0,0.0,0,"3rd (Popular) - 2,236 EGP/cluster"
1012,345,Twin,185.0,Downtown Branch,1.0,3124.18,14.0,1,"1st (VIP) - 4,399 EGP/cluster"
1016,211,Single,143.0,Mansoura Center Branch,0.0,0.0,0.0,0,"3rd (Popular) - 2,236 EGP/cluster"
1017,240,Double,319.0,Luxor Nile Branch,1.0,3856.94,10.0,1,"1st (VIP) - 4,399 EGP/cluster"
1018,819,Deluxe,137.0,Downtown Branch,1.0,1078.9,6.0,2,"2nd (Premium) - 2,396 EGP/cluster"
1023,963,Double,293.0,Luxor Nile Branch,1.0,2647.54,8.0,1,"1st (VIP) - 4,399 EGP/cluster"
1024,990,Twin,268.0,Luxor Nile Branch,0.0,0.0,0.0,0,"3rd (Popular) - 2,236 EGP/cluster"
1029,941,Family,287.0,Aswan View Branch,0.0,0.0,0.0,0,"3rd (Popular) - 2,236 EGP/cluster"
1031,211,Deluxe,192.0,Aswan View Branch,2.0,4146.77,9.0,2,"2nd (Premium) - 2,396 EGP/cluster"
1032,254,Twin,270.0,Aswan View Branch,0.0,0.0,0.0,0,"3rd (Popular) - 2,236 EGP/cluster"
1035,647,Double,270.0,Mansoura Center Branch,2.0,6070.41,12.0,1,"1st (VIP) - 4,399 EGP/cluster"
1037,420,Suite,300.0,Downtown Branch,1.0,1861.32,7.0,2,"2nd (Premium) - 2,396 EGP/cluster"
1038,409,Single,287.0,Luxor Nile Branch,0.0,0.0,0.0,0,"3rd (Popular) - 2,236 EGP/cluster"
1039,249,Double,278.0,Mansoura Center Branch,0.0,0.0,0.0,0,"3rd (Popular) - 2,236 EGP/cluster"
1040,965,Single,313.0,Mansoura Center Branch,1.0,3013.7,10.0,1,"1st (VIP) - 4,399 EGP/cluster"
1041,470,Twin,211.0,Aswan View Branch,1.0,494.32,2.0,1,"1st (VIP) - 4,399 EGP/cluster"
1043,431,Twin,105.0,Downtown Branch,2.0,1307.84,6.5,1,"1st (VIP) - 4,399 EGP/cluster"
1044,844,Family,223.0,Mansoura Center Branch,1.0,2320.81,9.0,1,"1st (VIP) - 4,399 EGP/cluster"
1046,855,Double,311.0,Aswan View Branch,2.0,4424.46,7.0,1,"1st (VIP) - 4,399 EGP/cluster"
1048,315,Twin,325.0,Downtown Branch,0.0,0.0,0.0,0,"3rd (Popular) - 2,236 EGP/cluster"
1049,567,Double,123.0,Downtown Branch,2.0,2704.4,10.5,1,"1st (VIP) - 4,399 EGP/cluster"
1050,129,Single,172.0,Mansoura Center Branch,0.0,0.0,0.0,0,"3rd (Popular) - 2,236 EGP/cluster"
1052,681,Suite,222.0,Aswan View Branch,1.0,2440.94,10.0,2,"2nd (Premium) - 2,396 EGP/cluster"
1059,570,Double,245.0,Mansoura Center Branch,0.0,0.0,0.0,0,"3rd (Popular) - 2,236 EGP/cluster"
1060,553,Single,303.0,Mansoura Center Branch,1.0,2145.11,7.0,1,"1st (VIP) - 4,399 EGP/cluster"
1062,430,Single,152.0,Mansoura Center Branch,0.0,0.0,0.0,0,"3rd (Popular) - 2,236 EGP/cluster"
1063,297,Family,141.0,Aswan View Branch,2.0,3982.0699999999997,11.0,1,"1st (VIP) - 4,399 EGP/cluster"
1064,422,Double,247.0,Mansoura Center Branch,1.0,2163.78,10.0,1,"1st (VIP) - 4,399 EGP/cluster"
1065,447,Single,150.0,Aswan View Branch,1.0,1403.93,9.0,1,"1st (VIP) - 4,399 EGP/cluster"
1066,841,Double,168.0,Luxor Nile Branch,1.0,1997.61,10.0,1,"1st (VIP) - 4,399 EGP/cluster"
1067,585,Twin,97.0,Aswan View Branch,2.0,2011.61,9.0,1,"1st (VIP) - 4,399 EGP/cluster"
1069,816,Twin,202.0,Aswan View Branch,1.0,1029.27,4.0,1,"1st (VIP) - 4,399 EGP/cluster"
1070,355,Family,153.0,Luxor Nile Branch,0.0,0.0,0.0,0,"3rd (Popular) - 2,236 EGP/cluster"
1074,959,Twin,222.0,Luxor Nile Branch,1.0,3586.59,13.0,1,"1st (VIP) - 4,399 EGP/cluster"
1082,864,Double,249.0,Mansoura Center Branch,0.0,0.0,0.0,0,"3rd (Popular) - 2,236 EGP/cluster"
1084,931,Single,287.0,Aswan View Branch,0.0,0.0,0.0,0,"3rd (Popular) - 2,236 EGP/cluster"
1086,719,Single,238.0,Mansoura Center Branch,0.0,0.0,0.0,0,"3rd (Popular) - 2,236 EGP/cluster"
1087,794,Twin,228.0,Aswan View Branch,1.0,3325.93,12.0,1,"1st (VIP) - 4,399 EGP/cluster"
1088,501,Single,233.0,Luxor Nile Branch,2.0,3753.83,7.5,1,"1st (VIP) - 4,399 EGP/cluster"
1093,640,Double,128.0,Mansoura Center Branch,2.0,2895.06,10.0,1,"1st (VIP) - 4,399 EGP/cluster"
1094,153,Family,101.0,Downtown Branch,2.0,1866.54,9.5,1,"1st (VIP) - 4,399 EGP/cluster"
1097,877,Twin,252.0,Aswan View Branch,1.0,2382.22,8.0,1,"1st (VIP) - 4,399 EGP/cluster"
1098,258,Twin,146.0,Downtown Branch,0.0,0.0,0.0,0,"3rd (Popular) - 2,236 EGP/cluster"
1099,624,Twin,167.0,Aswan View Branch,1.0,531.91,3.0,1,"1st (VIP) - 4,399 EGP/cluster"
1105,847,Twin,188.0,Mansoura Center Branch,0.0,0.0,0.0,0,"3rd (Popular) - 2,236 EGP/cluster"
1106,919,Twin,276.0,Mansoura Center Branch,2.0,4177.389999999999,7.5,1,"1st (VIP) - 4,399 EGP/cluster"
1108,979,Suite,208.0,Downtown Branch,2.0,4158.860000000001,8.0,2,"2nd (Premium) - 2,396 EGP/cluster"
1111,449,Twin,176.0,Aswan View Branch,0.0,0.0,0.0,0,"3rd (Popular) - 2,236 EGP/cluster"
1112,898,Twin,214.0,Aswan View Branch,1.0,573.93,2.0,1,"1st (VIP) - 4,399 EGP/cluster"
1113,409,Family,256.0,Mansoura Center Branch,0.0,0.0,0.0,0,"3rd (Popular) - 2,236 EGP/cluster"
1114,566,Double,277.0,Aswan View Branch,1.0,2852.99,12.0,1,"1st (VIP) - 4,399 EGP/cluster"
1119,545,Double,154.0,Luxor Nile Branch,1.0,376.75,2.0,1,"1st (VIP) - 4,399 EGP/cluster"
1120,570,Single,198.0,Downtown Branch,0.0,0.0,0.0,0,"3rd (Popular) - 2,236 EGP/cluster"
1123,672,Single,330.0,Aswan View Branch,2.0,2609.15,4.0,1,"1st (VIP) - 4,399 EGP/cluster"
1124,531,Single,122.0,Mansoura Center Branch,2.0,1575.38,6.0,1,"1st (VIP) - 4,399 EGP/cluster"
1125,169,Suite,115.0,Luxor Nile Branch,1.0,1068.63,7.0,2,"2nd (Premium) - 2,396 EGP/cluster"
1132,899,Family,76.0,Mansoura Center Branch,1.0,268.04,3.0,1,"1st (VIP) - 4,399 EGP/cluster"
1133,169,Family,337.0,Aswan View Branch,2.0,3338.93,8.0,1,"1st (VIP) - 4,399 EGP/cluster"
1134,939,Double,108.0,Downtown Branch,1.0,1553.31,13.0,1,"1st (VIP) - 4,399 EGP/cluster"
1135,132,Suite,180.0,Aswan View Branch,1.0,1718.47,11.0,2,"2nd (Premium) - 2,396 EGP/cluster"
1136,332,Double,105.0,Downtown Branch,1.0,501.23,4.0,1,"1st (VIP) - 4,399 EGP/cluster"
1137,200,Double,191.0,Aswan View Branch,2.0,4592.19,11.5,1,"1st (VIP) - 4,399 EGP/cluster"
1139,217,Family,252.0,Luxor Nile Branch,0.0,0.0,0.0,0,"3rd (Popular) - 2,236 EGP/cluster"
1140,814,Family,267.0,Downtown Branch,2.0,5066.95,9.0,1,"1st (VIP) - 4,399 EGP/cluster"
1142,743,Family,318.0,Aswan View Branch,2.0,6633.32,9.5,1,"1st (VIP) - 4,399 EGP/cluster"
1151,169,Single,62.0,Aswan View Branch,2.0,867.69,6.0,1,"1st (VIP) - 4,399 EGP/cluster"
1152,593,Single,59.0,Luxor Nile Branch,2.0,1195.29,9.0,1,"1st (VIP) - 4,399 EGP/cluster"
1153,747,Family,172.0,Luxor Nile Branch,1.0,324.8,2.0,1,"1st (VIP) - 4,399 EGP/cluster"
1154,860,Twin,285.0,Downtown Branch,0.0,0.0,0.0,0,"3rd (Popular) - 2,236 EGP/cluster"
1157,662,Family,274.0,Mansoura Center Branch,0.0,0.0,0.0,0,"3rd (Popular) - 2,236 EGP/cluster"
1158,578,Single,159.0,Mansoura Center Branch,2.0,2716.09,8.5,1,"1st (VIP) - 4,399 EGP/cluster"
1159,992,Twin,277.0,Mansoura Center Branch,1.0,2556.12,9.0,1,"1st (VIP) - 4,399 EGP/cluster"
1161,393,Single,269.0,Aswan View Branch,0.0,0.0,0.0,0,"3rd (Popular) - 2,236 EGP/cluster"
1162,341,Family,90.0,Mansoura Center Branch,1.0,1186.94,12.0,1,"1st (VIP) - 4,399 EGP/cluster"
1163,504,Double,260.0,Luxor Nile Branch,0.0,0.0,0.0,0,"3rd (Popular) - 2,236 EGP/cluster"
1164,791,Double,277.0,Luxor Nile Branch,2.0,3770.2,6.0,1,"1st (VIP) - 4,399 EGP/cluster"
1166,218,Double,166.0,Mansoura Center Branch,0.0,0.0,0.0,0,"3rd (Popular) - 2,236 EGP/cluster"
1167,737,Single,251.0,Mansoura Center Branch,0.0,0.0,0.0,0,"3rd (Popular) - 2,236 EGP/cluster"
1168,809,Double,288.0,Luxor Nile Branch,0.0,0.0,0.0,0,"3rd (Popular) - 2,236 EGP/cluster"
1169,282,Double,255.0,Mansoura Center Branch,0.0,0.0,0.0,0,"3rd (Popular) - 2,236 EGP/cluster"
1172,551,Double,195.0,Mansoura Center Branch,1.0,2698.63,14.0,1,"1st (VIP) - 4,399 EGP/cluster"
1173,314,Family,314.0,Downtown Branch,1.0,2193.33,7.0,1,"1st (VIP) - 4,399 EGP/cluster"
1175,561,Twin,315.0,Luxor Nile Branch,0.0,0.0,0.0,0,"3rd (Popular) - 2,236 EGP/cluster"
1177,733,Family,138.0,Mansoura Center Branch,1.0,2231.36,14.0,1,"1st (VIP) - 4,399 EGP/cluster"
1179,307,Double,176.0,Downtown Branch,1.0,2440.05,11.0,1,"1st (VIP) - 4,399 EGP/cluster"
1180,281,Double,212.0,Aswan View Branch,0.0,0.0,0.0,0,"3rd (Popular) - 2,236 EGP/cluster"
1181,158,Family,152.0,Luxor Nile Branch,0.0,0.0,0.0,0,"3rd (Popular) - 2,236 EGP/cluster"
1183,840,Deluxe,264.0,Downtown Branch,1.0,2609.56,11.0,2,"2nd (Premium) - 2,396 EGP/cluster"
1184,164,Family,173.0,Aswan View Branch,2.0,1326.05,3.5,1,"1st (VIP) - 4,399 EGP/cluster"
1185,260,Twin,257.0,Downtown Branch,0.0,0.0,0.0,0,"3rd (Popular) - 2,236 EGP/cluster"
1186,362,Single,190.0,Mansoura Center Branch,0.0,0.0,0.0,0,"3rd (Popular) - 2,236 EGP/cluster"
1188,391,Twin,298.0,Downtown Branch,1.0,3403.06,13.0,1,"1st (VIP) - 4,399 EGP/cluster"
1189,666,Twin,272.0,Luxor Nile Branch,0.0,0.0,0.0,0,"3rd (Popular) - 2,236 EGP/cluster"
1190,963,Family,185.0,Aswan View Branch,1.0,456.44,2.0,1,"1st (VIP) - 4,399 EGP/cluster"
1191,740,Deluxe,175.0,Mansoura Center Branch,2.0,2397.18,7.5,2,"2nd (Premium) - 2,396 EGP/cluster"
1194,342,Family,249.0,Luxor Nile Branch,0.0,0.0,0.0,0,"3rd (Popular) - 2,236 EGP/cluster"
1195,151,Single,308.0,Aswan View Branch,0.0,0.0,0.0,0,"3rd (Popular) - 2,236 EGP/cluster"
1196,997,Family,284.0,Aswan View Branch,2.0,4951.32,7.0,1,"1st (VIP) - 4,399 EGP/cluster"
1197,288,Double,232.0,Aswan View Branch,0.0,0.0,0.0,0,"3rd (Popular) - 2,236 EGP/cluster"
1199,445,Family,218.0,Downtown Branch,2.0,3217.8999999999996,11.5,1,"1st (VIP) - 4,399 EGP/cluster"
1200,421,Double,192.0,Downtown Branch,0.0,0.0,0.0,0,"3rd (Popular) - 2,236 EGP/cluster"
1202,940,Twin,214.0,Aswan View Branch,1.0,803.92,3.0,1,"1st (VIP) - 4,399 EGP/cluster"
1209,915,Single,242.0,Downtown Branch,1.0,2434.45,10.0,1,"1st (VIP) - 4,399 EGP/cluster"
1210,675,Twin,156.0,Mansoura Center Branch,0.0,0.0,0.0,0,"3rd (Popular) - 2,236 EGP/cluster"
1212,807,Single,283.0,Aswan View Branch,0.0,0.0,0.0,0,"3rd (Popular) - 2,236 EGP/cluster"
1213,651,Twin,230.0,Mansoura Center Branch,0.0,0.0,0.0,0,"3rd (Popular) - 2,236 EGP/cluster"
1217,594,Twin,204.0,Mansoura Center Branch,1.0,3126.9,12.0,1,"1st (VIP) - 4,399 EGP/cluster"
1218,445,Single,140.0,Aswan View Branch,2.0,3061.38,10.0,1,"1st (VIP) - 4,399 EGP/cluster"
1220,929,Double,258.0,Mansoura Center Branch,2.0,2991.21,6.0,1,"1st (VIP) - 4,399 EGP/cluster"
1222,236,Double,211.0,Aswan View Branch,0.0,0.0,0.0,0,"3rd (Popular) - 2,236 EGP/cluster"
1223,115,Suite,209.0,Luxor Nile Branch,2.0,3348.16,7.5,2,"2nd (Premium) - 2,396 EGP/cluster"
1225,839,Single,248.0,Luxor Nile Branch,0.0,0.0,0.0,0,"3rd (Popular) - 2,236 EGP/cluster"
1227,587,Double,319.0,Mansoura Center Branch,1.0,1154.67,4.0,1,"1st (VIP) - 4,399 EGP/cluster"
1228,109,Double,122.0,Mansoura Center Branch,2.0,1733.29,6.5,1,"1st (VIP) - 4,399 EGP/cluster"
1229,844,Double,251.0,Mansoura Center Branch,1.0,4523.6,14.0,1,"1st (VIP) - 4,399 EGP/cluster"
1232,151,Family,236.0,Aswan View Branch,0.0,0.0,0.0,0,"3rd (Popular) - 2,236 EGP/cluster"
1234,136,Twin,229.0,Aswan View Branch,2.0,5272.61,9.5,1,"1st (VIP) - 4,399 EGP/cluster"
1237,824,Twin,318.0,Mansoura Center Branch,2.0,6960.41,10.0,1,"1st (VIP) - 4,399 EGP/cluster"
1239,596,Family,195.0,Luxor Nile Branch,2.0,3602.2200000000003,8.5,1,"1st (VIP) - 4,399 EGP/cluster"
1242,806,Family,62.0,Mansoura Center Branch,2.0,903.4,7.5,1,"1st (VIP) - 4,399 EGP/cluster"
1243,350,Single,150.0,Mansoura Center Branch,2.0,1305.65,4.5,1,"1st (VIP) - 4,399 EGP/cluster"
1245,931,Double,107.0,Aswan View Branch,2.0,1938.37,7.0,1,"1st (VIP) - 4,399 EGP/cluster"
1247,842,Family,194.0,Aswan View Branch,0.0,0.0,0.0,0,"3rd (Popular) - 2,236 EGP/cluster"
1249,277,Family,253.0,Downtown Branch,0.0,0.0,0.0,0,"3rd (Popular) - 2,236 EGP/cluster"
1251,405,Single,176.0,Aswan View Branch,0.0,0.0,0.0,0,"3rd (Popular) - 2,236 EGP/cluster"
1252,977,Suite,299.0,Luxor Nile Branch,1.0,3633.16,10.0,2,"2nd (Premium) - 2,396 EGP/cluster"
1253,376,Double,225.0,Aswan View Branch,2.0,1713.27,3.5,1,"1st (VIP) - 4,399 EGP/cluster"
1254,150,Double,219.0,Aswan View Branch,1.0,3475.01,13.0,1,"1st (VIP) - 4,399 EGP/cluster"
1255,292,Suite,260.0,Aswan View Branch,1.0,2851.67,11.0,2,"2nd (Premium) - 2,396 EGP/cluster"
1256,559,Twin,143.0,Mansoura Center Branch,0.0,0.0,0.0,0,"3rd (Popular) - 2,236 EGP/cluster"
1257,297,Double,79.0,Mansoura Center Branch,2.0,1241.18,8.5,1,"1st (VIP) - 4,399 EGP/cluster"
1263,283,Family,233.0,Mansoura Center Branch,0.0,0.0,0.0,0,"3rd (Popular) - 2,236 EGP/cluster"
1267,173,Single,291.0,Luxor Nile Branch,1.0,988.24,3.0,1,"1st (VIP) - 4,399 EGP/cluster"
1269,768,Double,181.0,Aswan View Branch,0.0,0.0,0.0,0,"3rd (Popular) - 2,236 EGP/cluster"
1271,228,Double,161.0,Mansoura Center Branch,1.0,614.48,3.0,1,"1st (VIP) - 4,399 EGP/cluster"
1273,774,Double,281.0,Aswan View Branch,2.0,6364.68,11.0,1,"1st (VIP) - 4,399 EGP/cluster"
1275,242,Single,278.0,Aswan View Branch,0.0,0.0,0.0,0,"3rd (Popular) - 2,236 EGP/cluster"
1278,580,Family,232.0,Downtown Branch,0.0,0.0,0.0,0,"3rd (Popular) - 2,236 EGP/cluster"
1281,443,Single,169.0,Luxor Nile Branch,1.0,2446.23,14.0,1,"1st (VIP) - 4,399 EGP/cluster"
1283,205,Single,320.0,Aswan View Branch,2.0,6449.9400000000005,8.0,1,"1st (VIP) - 4,399 EGP/cluster"
1284,696,Double,199.0,Downtown Branch,1.0,1290.29,5.0,1,"1st (VIP) - 4,399 EGP/cluster"
1285,411,Single,132.0,Luxor Nile Branch,1.0,1079.99,9.0,1,"1st (VIP) - 4,399 EGP/cluster"
1287,841,Family,320.0,Mansoura Center Branch,1.0,3874.69,11.0,1,"1st (VIP) - 4,399 EGP/cluster"
1290,343,Double,340.0,Mansoura Center Branch,1.0,1647.92,5.0,1,"1st (VIP) - 4,399 EGP/cluster"
1293,322,Family,69.0,Mansoura Center Branch,2.0,1585.31,9.5,1,"1st (VIP) - 4,399 EGP/cluster"
1294,482,Double,198.0,Downtown Branch,0.0,0.0,0.0,0,"3rd (Popular) - 2,236 EGP/cluster"
1296,188,Double,239.0,Mansoura Center Branch,1.0,3984.12,13.0,1,"1st (VIP) - 4,399 EGP/cluster"
1298,268,Family,278.0,Luxor Nile Branch,1.0,3361.48,9.0,1,"1st (VIP) - 4,399 EGP/cluster"
1299,651,Single,182.0,Aswan View Branch,0.0,0.0,0.0,0,"3rd (Popular) - 2,236 EGP/cluster"
1303,718,Double,246.0,Downtown Branch,0.0,0.0,0.0,0,"3rd (Popular) - 2,236 EGP/cluster"
1304,847,Single,168.0,Downtown Branch,1.0,1925.61,9.0,1,"1st (VIP) - 4,399 EGP/cluster"
1305,872,Family,269.0,Luxor Nile Branch,1.0,491.04,2.0,1,"1st (VIP) - 4,399 EGP/cluster"
1309,410,Suite,158.0,Downtown Branch,1.0,2083.03,10.0,2,"2nd (Premium) - 2,396 EGP/cluster"
1310,339,Family,298.0,Luxor Nile Branch,0.0,0.0,0.0,0,"3rd (Popular) - 2,236 EGP/cluster"
1314,448,Twin,209.0,Aswan View Branch,0.0,0.0,0.0,0,"3rd (Popular) - 2,236 EGP/cluster"
1316,194,Family,240.0,Mansoura Center Branch,1.0,644.77,3.0,1,"1st (VIP) - 4,399 EGP/cluster"
1318,344,Double,347.0,Mansoura Center Branch,1.0,1350.7,4.0,1,"1st (VIP) - 4,399 EGP/cluster"
1319,903,Single,184.0,Luxor Nile Branch,1.0,1208.71,6.0,1,"1st (VIP) - 4,399 EGP/cluster"
1320,161,Single,309.0,Downtown Branch,2.0,4695.2699999999995,8.5,1,"1st (VIP) - 4,399 EGP/cluster"
1321,916,Twin,206.0,Aswan View Branch,1.0,2761.89,10.0,1,"1st (VIP) - 4,399 EGP/cluster"
1322,876,Twin,309.0,Mansoura Center Branch,2.0,4035.07,6.0,1,"1st (VIP) - 4,399 EGP/cluster"
1324,460,Suite,206.0,Aswan View Branch,2.0,3846.96,8.5,2,"2nd (Premium) - 2,396 EGP/cluster"
1326,908,Twin,122.0,Mansoura Center Branch,1.0,1389.95,10.0,1,"1st (VIP) - 4,399 EGP/cluster"
1327,584,Twin,321.0,Mansoura Center Branch,2.0,3065.5499999999997,5.0,1,"1st (VIP) - 4,399 EGP/cluster"
1332,888,Twin,250.0,Downtown Branch,1.0,2795.02,12.0,1,"1st (VIP) - 4,399 EGP/cluster"
1333,666,Family,154.0,Downtown Branch,1.0,1080.57,7.0,1,"1st (VIP) - 4,399 EGP/cluster"
1340,228,Twin,223.0,Luxor Nile Branch,0.0,0.0,0.0,0,"3rd (Popular) - 2,236 EGP/cluster"
1341,743,Family,159.0,Mansoura Center Branch,1.0,374.33,2.0,1,"1st (VIP) - 4,399 EGP/cluster"
1351,156,Deluxe,233.0,Aswan View Branch,2.0,3970.53,7.5,2,"2nd (Premium) - 2,396 EGP/cluster"
1352,322,Single,286.0,Mansoura Center Branch,2.0,4522.65,7.5,1,"1st (VIP) - 4,399 EGP/cluster"
1354,643,Double,71.0,Mansoura Center Branch,1.0,302.63,4.0,1,"1st (VIP) - 4,399 EGP/cluster"
1359,849,Twin,105.0,Downtown Branch,1.0,1309.23,11.0,1,"1st (VIP) - 4,399 EGP/cluster"
1364,591,Single,140.0,Mansoura Center Branch,1.0,370.75,3.0,1,"1st (VIP) - 4,399 EGP/cluster"
1365,218,Single,237.0,Mansoura Center Branch,1.0,2430.91,8.0,1,"1st (VIP) - 4,399 EGP/cluster"
1366,435,Single,155.0,Luxor Nile Branch,1.0,1358.28,8.0,1,"1st (VIP) - 4,399 EGP/cluster"
1368,818,Family,248.0,Mansoura Center Branch,0.0,0.0,0.0,0,"3rd (Popular) - 2,236 EGP/cluster"
1371,940,Twin,80.0,Aswan View Branch,1.0,638.03,7.0,1,"1st (VIP) - 4,399 EGP/cluster"
1373,806,Single,157.0,Aswan View Branch,0.0,0.0,0.0,0,"3rd (Popular) - 2,236 EGP/cluster"
1375,906,Family,158.0,Mansoura Center Branch,2.0,1166.1100000000001,3.5,1,"1st (VIP) - 4,399 EGP/cluster"
1376,510,Twin,302.0,Mansoura Center Branch,0.0,0.0,0.0,0,"3rd (Popular) - 2,236 EGP/cluster"
1377,366,Single,268.0,Mansoura Center Branch,0.0,0.0,0.0,0,"3rd (Popular) - 2,236 EGP/cluster"
1378,579,Single,211.0,Aswan View Branch,1.0,422.7,2.0,1,"1st (VIP) - 4,399 EGP/cluster"
1379,862,Family,133.0,Luxor Nile Branch,1.0,339.9,3.0,1,"1st (VIP) - 4,399 EGP/cluster"
1381,970,Family,57.0,Aswan View Branch,2.0,1174.4199999999998,8.0,1,"1st (VIP) - 4,399 EGP/cluster"
1382,629,Family,183.0,Mansoura Center Branch,1.0,1163.91,7.0,1,"1st (VIP) - 4,399 EGP/cluster"
1383,862,Twin,182.0,Aswan View Branch,1.0,1980.66,9.0,1,"1st (VIP) - 4,399 EGP/cluster"
1387,431,Double,286.0,Luxor Nile Branch,1.0,3904.2,12.0,1,"1st (VIP) - 4,399 EGP/cluster"
1388,662,Twin,243.0,Mansoura Center Branch,0.0,0.0,0.0,0,"3rd (Popular) - 2,236 EGP/cluster"
1389,883,Twin,192.0,Mansoura Center Branch,1.0,1050.52,5.0,1,"1st (VIP) - 4,399 EGP/cluster"
1395,494,Family,256.0,Mansoura Center Branch,0.0,0.0,0.0,0,"3rd (Popular) - 2,236 EGP/cluster"
1399,100,Twin,195.0,Mansoura Center Branch,1.0,2081.99,11.0,1,"1st (VIP) - 4,399 EGP/cluster"
1400,657,Twin,168.0,Luxor Nile Branch,2.0,4140.86,12.0,1,"1st (VIP) - 4,399 EGP/cluster"
1402,870,Deluxe,193.0,Luxor Nile Branch,2.0,3231.83,7.0,2,"2nd (Premium) - 2,396 EGP/cluster"
1407,993,Double,250.0,Mansoura Center Branch,0.0,0.0,0.0,0,"3rd (Popular) - 2,236 EGP/cluster"
1410,451,Family,220.0,Luxor Nile Branch,0.0,0.0,0.0,0,"3rd (Popular) - 2,236 EGP/cluster"
1411,956,Double,96.0,Mansoura Center Branch,1.0,1254.07,14.0,1,"1st (VIP) - 4,399 EGP/cluster"
1415,972,Double,321.0,Downtown Branch,0.0,0.0,0.0,0,"3rd (Popular) - 2,236 EGP/cluster"
1417,356,Twin,272.0,Downtown Branch,2.0,3472.4799999999996,5.5,1,"1st (VIP) - 4,399 EGP/cluster"
1418,211,Single,163.0,Luxor Nile Branch,1.0,3015.26,14.0,1,"1st (VIP) - 4,399 EGP/cluster"
1419,957,Twin,255.0,Luxor Nile Branch,0.0,0.0,0.0,0,"3rd (Popular) - 2,236 EGP/cluster"
1422,325,Suite,244.0,Aswan View Branch,1.0,1656.38,7.0,2,"2nd (Premium) - 2,396 EGP/cluster"
1426,845,Family,310.0,Mansoura Center Branch,0.0,0.0,0.0,0,"3rd (Popular) - 2,236 EGP/cluster"
1428,952,Family,104.0,Luxor Nile Branch,1.0,405.84,3.0,1,"1st (VIP) - 4,399 EGP/cluster"
1430,638,Single,199.0,Mansoura Center Branch,2.0,3008.27,7.0,1,"1st (VIP) - 4,399 EGP/cluster"
1431,680,Single,207.0,Aswan View Branch,0.0,0.0,0.0,0,"3rd (Popular) - 2,236 EGP/cluster"
1432,657,Single,121.0,Downtown Branch,1.0,1854.02,12.0,1,"1st (VIP) - 4,399 EGP/cluster"
1433,156,Twin,202.0,Aswan View Branch,0.0,0.0,0.0,0,"3rd (Popular) - 2,236 EGP/cluster"
1436,786,Family,331.0,Aswan View Branch,1.0,1848.25,5.0,1,"1st (VIP) - 4,399 EGP/cluster"
1437,634,Deluxe,159.0,Downtown Branch,1.0,796.7,5.0,2,"2nd (Premium) - 2,396 EGP/cluster"
1441,411,Twin,142.0,Luxor Nile Branch,1.0,2485.26,14.0,1,"1st (VIP) - 4,399 EGP/cluster"
1442,115,Family,199.0,Aswan View Branch,1.0,1270.91,7.0,1,"1st (VIP) - 4,399 EGP/cluster"
1443,943,Single,200.0,Mansoura Center Branch,1.0,663.05,3.0,1,"1st (VIP) - 4,399 EGP/cluster"
1446,730,Suite,330.0,Luxor Nile Branch,1.0,2561.97,8.0,2,"2nd (Premium) - 2,396 EGP/cluster"
1447,294,Double,259.0,Mansoura Center Branch,0.0,0.0,0.0,0,"3rd (Popular) - 2,236 EGP/cluster"
1448,905,Twin,160.0,Downtown Branch,0.0,0.0,0.0,0,"3rd (Popular) - 2,236 EGP/cluster"
1449,682,Double,151.0,Mansoura Center Branch,1.0,447.99,3.0,1,"1st (VIP) - 4,399 EGP/cluster"
1455,935,Family,264.0,Aswan View Branch,1.0,1609.28,5.0,1,"1st (VIP) - 4,399 EGP/cluster"
1456,709,Double,217.0,Aswan View Branch,1.0,1740.22,6.0,1,"1st (VIP) - 4,399 EGP/cluster"
1459,236,Family,80.0,Downtown Branch,2.0,1970.0700000000002,11.0,1,"1st (VIP) - 4,399 EGP/cluster"
1460,881,Single,282.0,Downtown Branch,1.0,3114.7,11.0,1,"1st (VIP) - 4,399 EGP/cluster"
1461,439,Double,236.0,Aswan View Branch,1.0,1087.13,4.0,1,"1st (VIP) - 4,399 EGP/cluster"
1462,259,Twin,220.0,Downtown Branch,1.0,495.15,2.0,1,"1st (VIP) - 4,399 EGP/cluster"
1464,118,Family,145.0,Downtown Branch,1.0,1358.54,7.0,1,"1st (VIP) - 4,399 EGP/cluster"
1466,489,Double,203.0,Aswan View Branch,0.0,0.0,0.0,0,"3rd (Popular) - 2,236 EGP/cluster"
1469,643,Double,310.0,Aswan View Branch,1.0,2921.47,8.0,1,"1st (VIP) - 4,399 EGP/cluster"
1471,625,Single,321.0,Aswan View Branch,0.0,0.0,0.0,0,"3rd (Popular) - 2,236 EGP/cluster"
1472,419,Double,89.0,Aswan View Branch,2.0,2470.8599999999997,12.5,1,"1st (VIP) - 4,399 EGP/cluster"
1475,756,Single,108.0,Luxor Nile Branch,1.0,866.3,7.0,1,"1st (VIP) - 4,399 EGP/cluster"
1478,705,Twin,281.0,Luxor Nile Branch,0.0,0.0,0.0,0,"3rd (Popular) - 2,236 EGP/cluster"
1479,715,Family,336.0,Aswan View Branch,1.0,4423.55,11.0,1,"1st (VIP) - 4,399 EGP/cluster"
1480,292,Twin,267.0,Mansoura Center Branch,0.0,0.0,0.0,0,"3rd (Popular) - 2,236 EGP/cluster"
1481,504,Twin,169.0,Aswan View Branch,0.0,0.0,0.0,0,"3rd (Popular) - 2,236 EGP/cluster"
1488,963,Family,238.0,Mansoura Center Branch,0.0,0.0,0.0,0,"3rd (Popular) - 2,236 EGP/cluster"
1489,843,Twin,74.0,Downtown Branch,2.0,1126.26,7.5,1,"1st (VIP) - 4,399 EGP/cluster"
1490,696,Family,207.0,Luxor Nile Branch,1.0,1965.24,11.0,1,"1st (VIP) - 4,399 EGP/cluster"
1491,474,Family,181.0,Mansoura Center Branch,1.0,1272.55,6.0,1,"1st (VIP) - 4,399 EGP/cluster"
1498,235,Family,102.0,Mansoura Center Branch,1.0,367.48,4.0,1,"1st (VIP) - 4,399 EGP/cluster"
1499,364,Family,299.0,Mansoura Center Branch,2.0,3796.4700000000003,7.0,1,"1st (VIP) - 4,399 EGP/cluster"
1501,252,Deluxe,170.0,Aswan View Branch,2.0,3081.58,7.5,2,"2nd (Premium) - 2,396 EGP/cluster"
1502,256,Deluxe,158.0,Aswan View Branch,2.0,3485.4100000000003,8.5,2,"2nd (Premium) - 2,396 EGP/cluster"
1504,245,Family,172.0,Luxor Nile Branch,0.0,0.0,0.0,0,"3rd (Popular) - 2,236 EGP/cluster"
1505,503,Deluxe,171.0,Downtown Branch,2.0,2932.19,8.0,2,"2nd (Premium) - 2,396 EGP/cluster"
1506,866,Deluxe,237.0,Luxor Nile Branch,2.0,3450.71,8.0,2,"2nd (Premium) - 2,396 EGP/cluster"
1507,774,Single,103.0,Mansoura Center Branch,2.0,1344.56,6.0,1,"1st (VIP) - 4,399 EGP/cluster"
1508,165,Single,147.0,Luxor Nile Branch,1.0,1142.86,9.0,1,"1st (VIP) - 4,399 EGP/cluster"
1509,528,Double,250.0,Luxor Nile Branch,2.0,5796.09,10.0,1,"1st (VIP) - 4,399 EGP/cluster"
1510,846,Single,199.0,Downtown Branch,0.0,0.0,0.0,0,"3rd (Popular) - 2,236 EGP/cluster"
1511,942,Twin,239.0,Mansoura Center Branch,0.0,0.0,0.0,0,"3rd (Popular) - 2,236 EGP/cluster"
1512,245,Single,247.0,Aswan View Branch,1.0,1085.0,4.0,1,"1st (VIP) - 4,399 EGP/cluster"
1513,165,Suite,219.0,Luxor Nile Branch,2.0,3389.2599999999998,6.5,2,"2nd (Premium) - 2,396 EGP/cluster"
1515,677,Single,160.0,Mansoura Center Branch,1.0,2329.58,14.0,1,"1st (VIP) - 4,399 EGP/cluster"
1519,952,Twin,194.0,Aswan View Branch,0.0,0.0,0.0,0,"3rd (Popular) - 2,236 EGP/cluster"
1520,785,Twin,155.0,Mansoura Center Branch,0.0,0.0,0.0,0,"3rd (Popular) - 2,236 EGP/cluster"
1521,228,Family,184.0,Aswan View Branch,1.0,1600.94,9.0,1,"1st (VIP) - 4,399 EGP/cluster"
1523,587,Double,181.0,Downtown Branch,0.0,0.0,0.0,0,"3rd (Popular) - 2,236 EGP/cluster"
1524,421,Twin,153.0,Mansoura Center Branch,1.0,1149.98,8.0,1,"1st (VIP) - 4,399 EGP/cluster"
1527,682,Family,114.0,Downtown Branch,2.0,3085.34,13.0,1,"1st (VIP) - 4,399 EGP/cluster"
1529,689,Twin,312.0,Downtown Branch,0.0,0.0,0.0,0,"3rd (Popular) - 2,236 EGP/cluster"
1536,553,Double,194.0,Mansoura Center Branch,0.0,0.0,0.0,0,"3rd (Popular) - 2,236 EGP/cluster"
1538,483,Double,213.0,Luxor Nile Branch,0.0,0.0,0.0,0,"3rd (Popular) - 2,236 EGP/cluster"
1542,767,Family,79.0,Mansoura Center Branch,2.0,2072.3,11.0,1,"1st (VIP) - 4,399 EGP/cluster"
1543,997,Double,297.0,Mansoura Center Branch,0.0,0.0,0.0,0,"3rd (Popular) - 2,236 EGP/cluster"
1546,841,Double,243.0,Mansoura Center Branch,0.0,0.0,0.0,0,"3rd (Popular) - 2,236 EGP/cluster"
1548,391,Suite,240.0,Luxor Nile Branch,2.0,3516.9900000000002,6.5,2,"2nd (Premium) - 2,396 EGP/cluster"
1550,250,Twin,336.0,Downtown Branch,1.0,1609.78,4.0,1,"1st (VIP) - 4,399 EGP/cluster"
1551,674,Twin,250.0,Aswan View Branch,0.0,0.0,0.0,0,"3rd (Popular) - 2,236 EGP/cluster"
1555,770,Single,138.0,Aswan View Branch,1.0,1755.07,13.0,1,"1st (VIP) - 4,399 EGP/cluster"
1557,598,Deluxe,211.0,Mansoura Center Branch,2.0,4529.52,8.5,2,"2nd (Premium) - 2,396 EGP/cluster"
1558,810,Double,275.0,Mansoura Center Branch,0.0,0.0,0.0,0,"3rd (Popular) - 2,236 EGP/cluster"
1561,425,Double,182.0,Mansoura Center Branch,0.0,0.0,0.0,0,"3rd (Popular) - 2,236 EGP/cluster"
1563,532,Deluxe,132.0,Mansoura Center Branch,1.0,1587.03,10.0,2,"2nd (Premium) - 2,396 EGP/cluster"
1566,837,Twin,291.0,Mansoura Center Branch,2.0,2548.39,4.0,1,"1st (VIP) - 4,399 EGP/cluster"
1567,363,Twin,205.0,Mansoura Center Branch,1.0,1826.07,9.0,1,"1st (VIP) - 4,399 EGP/cluster"
1568,901,Family,80.0,Aswan View Branch,2.0,1321.92,7.0,1,"1st (VIP) - 4,399 EGP/cluster"
1569,565,Double,278.0,Aswan View Branch,0.0,0.0,0.0,0,"3rd (Popular) - 2,236 EGP/cluster"
1571,714,Deluxe,257.0,Aswan View Branch,1.0,1934.85,6.0,2,"2nd (Premium) - 2,396 EGP/cluster"
1572,140,Single,94.0,Downtown Branch,2.0,1127.54,5.5,1,"1st (VIP) - 4,399 EGP/cluster"
1573,303,Single,224.0,Downtown Branch,2.0,4507.1900000000005,8.0,1,"1st (VIP) - 4,399 EGP/cluster"
1574,661,Family,182.0,Mansoura Center Branch,0.0,0.0,0.0,0,"3rd (Popular) - 2,236 EGP/cluster"
1575,997,Family,187.0,Luxor Nile Branch,0.0,0.0,0.0,0,"3rd (Popular) - 2,236 EGP/cluster"
1576,426,Family,258.0,Aswan View Branch,0.0,0.0,0.0,0,"3rd (Popular) - 2,236 EGP/cluster"
1579,467,Family,69.0,Luxor Nile Branch,1.0,634.46,10.0,1,"1st (VIP) - 4,399 EGP/cluster"
1580,830,Suite,192.0,Aswan View Branch,1.0,2052.02,9.0,2,"2nd (Premium) - 2,396 EGP/cluster"
1584,728,Family,60.0,Downtown Branch,1.0,756.49,10.0,1,"1st (VIP) - 4,399 EGP/cluster"
1585,387,Single,238.0,Aswan View Branch,1.0,2607.79,10.0,1,"1st (VIP) - 4,399 EGP/cluster"
1586,495,Family,269.0,Aswan View Branch,0.0,0.0,0.0,0,"3rd (Popular) - 2,236 EGP/cluster"
1587,942,Family,298.0,Mansoura Center Branch,1.0,2085.3,6.0,1,"1st (VIP) - 4,399 EGP/cluster"
1589,326,Family,80.0,Aswan View Branch,1.0,496.44,6.0,1,"1st (VIP) - 4,399 EGP/cluster"
1592,858,Single,308.0,Luxor Nile Branch,0.0,0.0,0.0,0,"3rd (Popular) - 2,236 EGP/cluster"
1593,181,Family,143.0,Downtown Branch,2.0,1304.15,4.5,1,"1st (VIP) - 4,399 EGP/cluster"
1594,667,Family,120.0,Aswan View Branch,2.0,823.8900000000001,3.5,1,"1st (VIP) - 4,399 EGP/cluster"
1596,320,Single,153.0,Luxor Nile Branch,0.0,0.0,0.0,0,"3rd (Popular) - 2,236 EGP/cluster"
1599,608,Twin,217.0,Aswan View Branch,0.0,0.0,0.0,0,"3rd (Popular) - 2,236 EGP/cluster"
1600,486,Double,266.0,Mansoura Center Branch,1.0,1250.31,4.0,1,"1st (VIP) - 4,399 EGP/cluster"
1602,481,Single,243.0,Aswan View Branch,0.0,0.0,0.0,0,"3rd (Popular) - 2,236 EGP/cluster"
1604,301,Double,327.0,Aswan View Branch,0.0,0.0,0.0,0,"3rd (Popular) - 2,236 EGP/cluster"
1606,129,Twin,183.0,Aswan View Branch,2.0,919.03,6.5,1,"1st (VIP) - 4,399 EGP/cluster"
1608,201,Family,307.0,Luxor Nile Branch,1.0,4634.4,12.0,1,"1st (VIP) - 4,399 EGP/cluster"
1612,983,Twin,152.0,Downtown Branch,1.0,1061.15,8.0,1,"1st (VIP) - 4,399 EGP/cluster"
1614,859,Family,229.0,Downtown Branch,0.0,0.0,0.0,0,"3rd (Popular) - 2,236 EGP/cluster"
1618,764,Family,170.0,Aswan View Branch,0.0,0.0,0.0,0,"3rd (Popular) - 2,236 EGP/cluster"
1623,132,Family,161.0,Aswan View Branch,0.0,0.0,0.0,0,"3rd (Popular) - 2,236 EGP/cluster"
1624,923,Single,261.0,Mansoura Center Branch,1.0,3694.9,11.0,1,"1st (VIP) - 4,399 EGP/cluster"
1626,706,Single,247.0,Downtown Branch,2.0,3605.3100000000004,6.5,1,"1st (VIP) - 4,399 EGP/cluster"
1629,332,Single,251.0,Aswan View Branch,0.0,0.0,0.0,0,"3rd (Popular) - 2,236 EGP/cluster"
1630,345,Twin,54.0,Aswan View Branch,2.0,1087.01,8.0,1,"1st (VIP) - 4,399 EGP/cluster"
1632,536,Single,228.0,Mansoura Center Branch,0.0,0.0,0.0,0,"3rd (Popular) - 2,236 EGP/cluster"
1633,991,Double,251.0,Aswan View Branch,0.0,0.0,0.0,0,"3rd (Popular) - 2,236 EGP/cluster"
1634,416,Deluxe,295.0,Mansoura Center Branch,1.0,2702.34,9.0,2,"2nd (Premium) - 2,396 EGP/cluster"
1636,507,Double,121.0,Mansoura Center Branch,1.0,1187.92,9.0,1,"1st (VIP) - 4,399 EGP/cluster"
1637,561,Suite,138.0,Mansoura Center Branch,1.0,899.77,7.0,2,"2nd (Premium) - 2,396 EGP/cluster"
1642,927,Double,210.0,Mansoura Center Branch,0.0,0.0,0.0,0,"3rd (Popular) - 2,236 EGP/cluster"
1644,699,Double,108.0,Downtown Branch,1.0,727.15,7.0,1,"1st (VIP) - 4,399 EGP/cluster"
1646,628,Double,260.0,Aswan View Branch,2.0,5924.1900000000005,9.5,1,"1st (VIP) - 4,399 EGP/cluster"
1647,406,Family,296.0,Downtown Branch,1.0,1726.34,5.0,1,"1st (VIP) - 4,399 EGP/cluster"
1648,488,Suite,209.0,Aswan View Branch,1.0,2238.62,9.0,2,"2nd (Premium) - 2,396 EGP/cluster"
1649,761,Double,187.0,Luxor Nile Branch,0.0,0.0,0.0,0,"3rd (Popular) - 2,236 EGP/cluster"
1650,926,Deluxe,142.0,Aswan View Branch,1.0,1200.78,9.0,2,"2nd (Premium) - 2,396 EGP/cluster"
1652,728,Single,190.0,Mansoura Center Branch,2.0,3286.62,8.0,1,"1st (VIP) - 4,399 EGP/cluster"
1653,479,Double,311.0,Mansoura Center Branch,0.0,0.0,0.0,0,"3rd (Popular) - 2,236 EGP/cluster"
1658,279,Twin,74.0,Mansoura Center Branch,2.0,1840.5700000000002,10.0,1,"1st (VIP) - 4,399 EGP/cluster"
1659,257,Family,151.0,Downtown Branch,1.0,2505.75,13.0,1,"1st (VIP) - 4,399 EGP/cluster"
1660,216,Single,270.0,Aswan View Branch,1.0,2581.89,10.0,1,"1st (VIP) - 4,399 EGP/cluster"
1661,565,Twin,194.0,Aswan View Branch,1.0,2952.3,13.0,1,"1st (VIP) - 4,399 EGP/cluster"
1663,874,Twin,154.0,Aswan View Branch,0.0,0.0,0.0,0,"3rd (Popular) - 2,236 EGP/cluster"
1665,554,Single,229.0,Aswan View Branch,1.0,2416.07,10.0,1,"1st (VIP) - 4,399 EGP/cluster"
1667,179,Single,322.0,Downtown Branch,0.0,0.0,0.0,0,"3rd (Popular) - 2,236 EGP/cluster"
1670,854,Twin,249.0,Aswan View Branch,0.0,0.0,0.0,0,"3rd (Popular) - 2,236 EGP/cluster"
1672,346,Family,159.0,Mansoura Center Branch,1.0,2087.45,13.0,1,"1st (VIP) - 4,399 EGP/cluster"
1674,184,Single,289.0,Aswan View Branch,2.0,3122.6,4.5,1,"1st (VIP) - 4,399 EGP/cluster"
1675,119,Family,318.0,Mansoura Center Branch,2.0,2418.66,7.0,1,"1st (VIP) - 4,399 EGP/cluster"
1680,450,Single,271.0,Luxor Nile Branch,2.0,3648.34,5.5,1,"1st (VIP) - 4,399 EGP/cluster"
1681,913,Single,156.0,Mansoura Center Branch,1.0,576.15,3.0,1,"1st (VIP) - 4,399 EGP/cluster"
1683,189,Single,167.0,Aswan View Branch,1.0,2661.07,12.0,1,"1st (VIP) - 4,399 EGP/cluster"
1689,683,Double,54.0,Aswan View Branch,1.0,574.96,9.0,1,"1st (VIP) - 4,399 EGP/cluster"
1690,538,Family,211.0,Downtown Branch,1.0,537.09,2.0,1,"1st (VIP) - 4,399 EGP/cluster"
1692,304,Family,108.0,Mansoura Center Branch,1.0,675.62,7.0,1,"1st (VIP) - 4,399 EGP/cluster"
1696,823,Family,205.0,Aswan View Branch,2.0,4459.889999999999,9.0,1,"1st (VIP) - 4,399 EGP/cluster"
1697,212,Twin,299.0,Mansoura Center Branch,1.0,3568.63,10.0,1,"1st (VIP) - 4,399 EGP/cluster"
1700,317,Twin,237.0,Mansoura Center Branch,0.0,0.0,0.0,0,"3rd (Popular) - 2,236 EGP/cluster"
1702,803,Family,229.0,Aswan View Branch,0.0,0.0,0.0,0,"3rd (Popular) - 2,236 EGP/cluster"
1704,799,Double,250.0,Luxor Nile Branch,2.0,6027.969999999999,10.5,1,"1st (VIP) - 4,399 EGP/cluster"
1705,237,Deluxe,165.0,Aswan View Branch,2.0,3250.75,8.5,2,"2nd (Premium) - 2,396 EGP/cluster"
1706,671,Single,308.0,Downtown Branch,0.0,0.0,0.0,0,"3rd (Popular) - 2,236 EGP/cluster"
1710,292,Deluxe,324.0,Downtown Branch,1.0,2734.91,8.0,2,"2nd (Premium) - 2,396 EGP/cluster"
1712,772,Deluxe,296.0,Mansoura Center Branch,1.0,1660.07,6.0,2,"2nd (Premium) - 2,396 EGP/cluster"
1714,507,Double,335.0,Aswan View Branch,2.0,3776.71,5.5,1,"1st (VIP) - 4,399 EGP/cluster"
1718,491,Family,300.0,Aswan View Branch,1.0,3126.53,9.0,1,"1st (VIP) - 4,399 EGP/cluster"
1719,880,Twin,291.0,Luxor Nile Branch,0.0,0.0,0.0,0,"3rd (Popular) - 2,236 EGP/cluster"
1723,176,Single,224.0,Mansoura Center Branch,0.0,0.0,0.0,0,"3rd (Popular) - 2,236 EGP/cluster"
1729,708,Family,213.0,Aswan View Branch,1.0,3700.2,13.0,1,"1st (VIP) - 4,399 EGP/cluster"
1730,998,Double,214.0,Downtown Branch,2.0,5911.29,11.5,1,"1st (VIP) - 4,399 EGP/cluster"
1732,440,Single,278.0,Aswan View Branch,0.0,0.0,0.0,0,"3rd (Popular) - 2,236 EGP/cluster"
1733,599,Family,115.0,Luxor Nile Branch,1.0,1645.35,12.0,1,"1st (VIP) - 4,399 EGP/cluster"
1737,747,Twin,317.0,Mansoura Center Branch,1.0,3659.91,9.0,1,"1st (VIP) - 4,399 EGP/cluster"
1738,208,Double,251.0,Mansoura Center Branch,0.0,0.0,0.0,0,"3rd (Popular) - 2,236 EGP/cluster"
1739,809,Suite,166.0,Mansoura Center Branch,2.0,3145.31,9.5,2,"2nd (Premium) - 2,396 EGP/cluster"
1740,606,Twin,92.0,Mansoura Center Branch,1.0,871.49,8.0,1,"1st (VIP) - 4,399 EGP/cluster"
1741,330,Twin,297.0,Aswan View Branch,2.0,6857.5599999999995,11.5,1,"1st (VIP) - 4,399 EGP/cluster"
1742,644,Single,152.0,Luxor Nile Branch,2.0,2670.8599999999997,8.5,1,"1st (VIP) - 4,399 EGP/cluster"
1743,725,Family,252.0,Mansoura Center Branch,1.0,2391.22,8.0,1,"1st (VIP) - 4,399 EGP/cluster"
1751,812,Family,313.0,Aswan View Branch,0.0,0.0,0.0,0,"3rd (Popular) - 2,236 EGP/cluster"
1752,850,Single,211.0,Luxor Nile Branch,1.0,1235.96,5.0,1,"1st (VIP) - 4,399 EGP/cluster"
1753,129,Twin,320.0,Luxor Nile Branch,0.0,0.0,0.0,0,"3rd (Popular) - 2,236 EGP/cluster"
1757,306,Single,86.0,Aswan View Branch,2.0,1518.03,7.0,1,"1st (VIP) - 4,399 EGP/cluster"
1761,416,Twin,327.0,Mansoura Center Branch,1.0,3002.14,10.0,1,"1st (VIP) - 4,399 EGP/cluster"
1763,368,Family,181.0,Luxor Nile Branch,1.0,808.51,5.0,1,"1st (VIP) - 4,399 EGP/cluster"
1766,875,Double,96.0,Aswan View Branch,1.0,945.93,8.0,1,"1st (VIP) - 4,399 EGP/cluster"
1771,436,Twin,149.0,Aswan View Branch,1.0,1736.26,9.0,1,"1st (VIP) - 4,399 EGP/cluster"
1772,363,Single,146.0,Aswan View Branch,2.0,2434.6800000000003,7.5,1,"1st (VIP) - 4,399 EGP/cluster"
1773,272,Double,199.0,Mansoura Center Branch,1.0,2874.91,12.0,1,"1st (VIP) - 4,399 EGP/cluster"
1776,857,Family,230.0,Mansoura Center Branch,2.0,4406.349999999999,8.5,1,"1st (VIP) - 4,399 EGP/cluster"
1777,432,Twin,216.0,Aswan View Branch,0.0,0.0,0.0,0,"3rd (Popular) - 2,236 EGP/cluster"
1779,680,Twin,312.0,Mansoura Center Branch,0.0,0.0,0.0,0,"3rd (Popular) - 2,236 EGP/cluster"
1785,488,Family,134.0,Aswan View Branch,2.0,1770.6100000000001,7.0,1,"1st (VIP) - 4,399 EGP/cluster"
1786,151,Deluxe,150.0,Mansoura Center Branch,1.0,944.99,5.0,2,"2nd (Premium) - 2,396 EGP/cluster"
1787,231,Double,272.0,Luxor Nile Branch,1.0,2443.32,10.0,1,"1st (VIP) - 4,399 EGP/cluster"
1789,572,Suite,158.0,Downtown Branch,2.0,3560.54,9.5,2,"2nd (Premium) - 2,396 EGP/cluster"
1790,376,Family,235.0,Aswan View Branch,0.0,0.0,0.0,0,"3rd (Popular) - 2,236 EGP/cluster"
1791,733,Twin,280.0,Downtown Branch,1.0,3387.73,9.0,1,"1st (VIP) - 4,399 EGP/cluster"
1796,191,Family,124.0,Aswan View Branch,1.0,979.38,6.0,1,"1st (VIP) - 4,399 EGP/cluster"
1800,201,Family,220.0,Luxor Nile Branch,0.0,0.0,0.0,0,"3rd (Popular) - 2,236 EGP/cluster"
1801,347,Twin,79.0,Mansoura Center Branch,1.0,300.85,3.0,1,"1st (VIP) - 4,399 EGP/cluster"
1802,356,Double,175.0,Mansoura Center Branch,1.0,603.69,3.0,1,"1st (VIP) - 4,399 EGP/cluster"
1803,701,Double,168.0,Downtown Branch,2.0,3554.56,8.0,1,"1st (VIP) - 4,399 EGP/cluster"
1805,201,Family,297.0,Mansoura Center Branch,0.0,0.0,0.0,0,"3rd (Popular) - 2,236 EGP/cluster"
1808,579,Single,234.0,Downtown Branch,0.0,0.0,0.0,0,"3rd (Popular) - 2,236 EGP/cluster"
1810,979,Family,142.0,Downtown Branch,1.0,586.53,4.0,1,"1st (VIP) - 4,399 EGP/cluster"
1811,426,Single,319.0,Aswan View Branch,1.0,3786.74,12.0,1,"1st (VIP) - 4,399 EGP/cluster"
1813,201,Family,168.0,Mansoura Center Branch,0.0,0.0,0.0,0,"3rd (Popular) - 2,236 EGP/cluster"
1815,155,Deluxe,185.0,Downtown Branch,1.0,1910.67,11.0,2,"2nd (Premium) - 2,396 EGP/cluster"
1816,752,Single,304.0,Luxor Nile Branch,1.0,2484.94,7.0,1,"1st (VIP) - 4,399 EGP/cluster"
1817,869,Single,143.0,Aswan View Branch,1.0,1420.71,9.0,1,"1st (VIP) - 4,399 EGP/cluster"
1818,948,Single,301.0,Aswan View Branch,1.0,2781.65,9.0,1,"1st (VIP) - 4,399 EGP/cluster"
1825,464,Single,99.0,Aswan View Branch,2.0,1697.25,7.5,1,"1st (VIP) - 4,399 EGP/cluster"
1826,911,Single,153.0,Aswan View Branch,1.0,2107.61,12.0,1,"1st (VIP) - 4,399 EGP/cluster"
1827,115,Twin,144.0,Luxor Nile Branch,1.0,1010.13,7.0,1,"1st (VIP) - 4,399 EGP/cluster"
1828,572,Twin,205.0,Mansoura Center Branch,1.0,1399.7,8.0,1,"1st (VIP) - 4,399 EGP/cluster"
1830,217,Double,297.0,Downtown Branch,2.0,3463.12,5.0,1,"1st (VIP) - 4,399 EGP/cluster"
1831,771,Twin,339.0,Downtown Branch,1.0,1714.47,5.0,1,"1st (VIP) - 4,399 EGP/cluster"
1832,173,Deluxe,258.0,Mansoura Center Branch,1.0,1510.96,6.0,2,"2nd (Premium) - 2,396 EGP/cluster"
1835,713,Family,284.0,Mansoura Center Branch,0.0,0.0,0.0,0,"3rd (Popular) - 2,236 EGP/cluster"
1836,648,Twin,261.0,Aswan View Branch,0.0,0.0,0.0,0,"3rd (Popular) - 2,236 EGP/cluster"
1838,300,Twin,249.0,Aswan View Branch,1.0,998.97,4.0,1,"1st (VIP) - 4,399 EGP/cluster"
1842,603,Suite,316.0,Aswan View Branch,1.0,3228.87,8.0,2,"2nd (Premium) - 2,396 EGP/cluster"
1843,490,Deluxe,224.0,Downtown Branch,1.0,2400.16,10.0,2,"2nd (Premium) - 2,396 EGP/cluster"
1844,251,Twin,211.0,Mansoura Center Branch,0.0,0.0,0.0,0,"3rd (Popular) - 2,236 EGP/cluster"
1845,372,Deluxe,297.0,Aswan View Branch,1.0,1704.63,5.0,2,"2nd (Premium) - 2,396 EGP/cluster"
1848,570,Family,138.0,Mansoura Center Branch,1.0,656.16,4.0,1,"1st (VIP) - 4,399 EGP/cluster"
1850,494,Single,144.0,Aswan View Branch,0.0,0.0,0.0,0,"3rd (Popular) - 2,236 EGP/cluster"
1852,663,Double,159.0,Mansoura Center Branch,1.0,1727.62,11.0,1,"1st (VIP) - 4,399 EGP/cluster"
1853,348,Double,279.0,Mansoura Center Branch,0.0,0.0,0.0,0,"3rd (Popular) - 2,236 EGP/cluster"
1855,613,Single,169.0,Aswan View Branch,1.0,2220.66,12.0,1,"1st (VIP) - 4,399 EGP/cluster"
1857,911,Twin,317.0,Aswan View Branch,0.0,0.0,0.0,0,"3rd (Popular) - 2,236 EGP/cluster"
1858,558,Single,233.0,Mansoura Center Branch,1.0,835.63,4.0,1,"1st (VIP) - 4,399 EGP/cluster"
1865,611,Deluxe,109.0,Luxor Nile Branch,1.0,785.28,6.0,2,"2nd (Premium) - 2,396 EGP/cluster"
1866,262,Twin,183.0,Mansoura Center Branch,2.0,1815.29,5.5,1,"1st (VIP) - 4,399 EGP/cluster"
1867,947,Family,184.0,Downtown Branch,1.0,451.6,2.0,1,"1st (VIP) - 4,399 EGP/cluster"
1868,349,Family,151.0,Mansoura Center Branch,1.0,2082.26,13.0,1,"1st (VIP) - 4,399 EGP/cluster"
1869,695,Deluxe,262.0,Mansoura Center Branch,1.0,2037.59,9.0,2,"2nd (Premium) - 2,396 EGP/cluster"
1871,490,Double,246.0,Downtown Branch,1.0,3391.88,11.0,1,"1st (VIP) - 4,399 EGP/cluster"
1872,134,Twin,142.0,Aswan View Branch,0.0,0.0,0.0,0,"3rd (Popular) - 2,236 EGP/cluster"
1873,664,Family,308.0,Aswan View Branch,2.0,6712.84,10.5,1,"1st (VIP) - 4,399 EGP/cluster"
1878,449,Deluxe,311.0,Mansoura Center Branch,1.0,3095.66,9.0,2,"2nd (Premium) - 2,396 EGP/cluster"
1880,355,Suite,323.0,Downtown Branch,1.0,1830.77,6.0,2,"2nd (Premium) - 2,396 EGP/cluster"
1881,681,Single,137.0,Aswan View Branch,2.0,2356.34,8.0,1,"1st (VIP) - 4,399 EGP/cluster"
1887,569,Single,202.0,Aswan View Branch,0.0,0.0,0.0,0,"3rd (Popular) - 2,236 EGP/cluster"
1888,715,Twin,195.0,Aswan View Branch,1.0,797.66,4.0,1,"1st (VIP) - 4,399 EGP/cluster"
1890,456,Twin,220.0,Downtown Branch,0.0,0.0,0.0,0,"3rd (Popular) - 2,236 EGP/cluster"
1892,969,Twin,326.0,Aswan View Branch,0.0,0.0,0.0,0,"3rd (Popular) - 2,236 EGP/cluster"
1893,828,Family,203.0,Mansoura Center Branch,1.0,1117.48,6.0,1,"1st (VIP) - 4,399 EGP/cluster"
1894,780,Double,162.0,Mansoura Center Branch,0.0,0.0,0.0,0,"3rd (Popular) - 2,236 EGP/cluster"
1895,357,Double,159.0,Mansoura Center Branch,0.0,0.0,0.0,0,"3rd (Popular) - 2,236 EGP/cluster"
1896,551,Single,170.0,Mansoura Center Branch,1.0,1640.05,10.0,1,"1st (VIP) - 4,399 EGP/cluster"
1898,380,Family,279.0,Luxor Nile Branch,0.0,0.0,0.0,0,"3rd (Popular) - 2,236 EGP/cluster"
1901,286,Family,138.0,Downtown Branch,1.0,1685.72,13.0,1,"1st (VIP) - 4,399 EGP/cluster"
1906,720,Twin,203.0,Mansoura Center Branch,1.0,1926.15,9.0,1,"1st (VIP) - 4,399 EGP/cluster"
1914,357,Double,286.0,Mansoura Center Branch,1.0,3213.69,13.0,1,"1st (VIP) - 4,399 EGP/cluster"
1916,796,Family,265.0,Mansoura Center Branch,2.0,2133.56,4.0,1,"1st (VIP) - 4,399 EGP/cluster"
1919,360,Single,178.0,Luxor Nile Branch,1.0,2933.49,14.0,1,"1st (VIP) - 4,399 EGP/cluster"
1920,483,Deluxe,162.0,Aswan View Branch,1.0,1116.62,7.0,2,"2nd (Premium) - 2,396 EGP/cluster"
1921,973,Twin,235.0,Downtown Branch,0.0,0.0,0.0,0,"3rd (Popular) - 2,236 EGP/cluster"
1923,605,Single,194.0,Luxor Nile Branch,0.0,0.0,0.0,0,"3rd (Popular) - 2,236 EGP/cluster"
1924,346,Double,340.0,Mansoura Center Branch,1.0,3369.25,8.0,1,"1st (VIP) - 4,399 EGP/cluster"
1925,343,Single,185.0,Luxor Nile Branch,1.0,2809.32,13.0,1,"1st (VIP) - 4,399 EGP/cluster"
1927,833,Double,303.0,Aswan View Branch,0.0,0.0,0.0,0,"3rd (Popular) - 2,236 EGP/cluster"
1929,253,Family,212.0,Downtown Branch,0.0,0.0,0.0,0,"3rd (Popular) - 2,236 EGP/cluster"
1932,202,Single,313.0,Downtown Branch,2.0,4872.9,8.0,1,"1st (VIP) - 4,399 EGP/cluster"
1933,475,Single,335.0,Downtown Branch,1.0,4426.91,11.0,1,"1st (VIP) - 4,399 EGP/cluster"
1937,397,Twin,169.0,Mansoura Center Branch,1.0,1077.06,5.0,1,"1st (VIP) - 4,399 EGP/cluster"
1938,335,Twin,279.0,Mansoura Center Branch,1.0,581.32,2.0,1,"1st (VIP) - 4,399 EGP/cluster"
1942,106,Double,165.0,Aswan View Branch,2.0,3044.09,7.5,1,"1st (VIP) - 4,399 EGP/cluster"
1943,906,Deluxe,238.0,Downtown Branch,1.0,1367.19,5.0,2,"2nd (Premium) - 2,396 EGP/cluster"
1944,691,Family,142.0,Luxor Nile Branch,0.0,0.0,0.0,0,"3rd (Popular) - 2,236 EGP/cluster"
1945,511,Double,231.0,Aswan View Branch,0.0,0.0,0.0,0,"3rd (Popular) - 2,236 EGP/cluster"
1946,493,Single,76.0,Aswan View Branch,1.0,1206.48,13.0,1,"1st (VIP) - 4,399 EGP/cluster"
1948,691,Suite,299.0,Aswan View Branch,1.0,3185.57,9.0,2,"2nd (Premium) - 2,396 EGP/cluster"
1950,623,Single,276.0,Mansoura Center Branch,0.0,0.0,0.0,0,"3rd (Popular) - 2,236 EGP/cluster"
1951,466,Single,214.0,Aswan View Branch,0.0,0.0,0.0,0,"3rd (Popular) - 2,236 EGP/cluster"
1953,538,Twin,293.0,Downtown Branch,0.0,0.0,0.0,0,"3rd (Popular) - 2,236 EGP/cluster"
1955,645,Single,328.0,Aswan View Branch,2.0,4967.98,6.5,1,"1st (VIP) - 4,399 EGP/cluster"
1956,536,Single,295.0,Downtown Branch,0.0,0.0,0.0,0,"3rd (Popular) - 2,236 EGP/cluster"
1957,821,Family,197.0,Luxor Nile Branch,0.0,0.0,0.0,0,"3rd (Popular) - 2,236 EGP/cluster"
1961,292,Double,305.0,Mansoura Center Branch,0.0,0.0,0.0,0,"3rd (Popular) - 2,236 EGP/cluster"
1962,466,Twin,175.0,Luxor Nile Branch,2.0,2120.23,5.5,1,"1st (VIP) - 4,399 EGP/cluster"
1964,322,Family,227.0,Aswan View Branch,0.0,0.0,0.0,0,"3rd (Popular) - 2,236 EGP/cluster"
1965,968,Family,67.0,Mansoura Center Branch,2.0,890.1700000000001,6.5,1,"1st (VIP) - 4,399 EGP/cluster"
1966,853,Family,187.0,Mansoura Center Branch,0.0,0.0,0.0,0,"3rd (Popular) - 2,236 EGP/cluster"
1970,209,Double,158.0,Luxor Nile Branch,0.0,0.0,0.0,0,"3rd (Popular) - 2,236 EGP/cluster"
1971,469,Double,190.0,Downtown Branch,0.0,0.0,0.0,0,"3rd (Popular) - 2,236 EGP/cluster"
1972,648,Double,312.0,Aswan View Branch,0.0,0.0,0.0,0,"3rd (Popular) - 2,236 EGP/cluster"
1973,465,Twin,274.0,Aswan View Branch,0.0,0.0,0.0,0,"3rd (Popular) - 2,236 EGP/cluster"
1974,978,Twin,317.0,Aswan View Branch,0.0,0.0,0.0,0,"3rd (Popular) - 2,236 EGP/cluster"
1984,518,Twin,229.0,Aswan View Branch,1.0,1951.39,8.0,1,"1st (VIP) - 4,399 EGP/cluster"
1994,775,Single,265.0,Downtown Branch,1.0,2861.82,11.0,1,"1st (VIP) - 4,399 EGP/cluster"
1999,620,Twin,188.0,Mansoura Center Branch,2.0,1744.1,4.0,1,"1st (VIP) - 4,399 EGP/cluster"
2000,232,Double,326.0,Aswan View Branch,0.0,0.0,0.0,0,"3rd (Popular) - 2,236 EGP/cluster"
